Order ID,Order Date,Shipping Date,Aging,Ship Mode,Product Category,Product, Sales ,Quantity,Discount, Profit , Shipping Cost ,Order Priority
FA-2015-1,18/05/2015,25/05/2015,7,Standard Class,Fashion,T - Shirts, $248.0 ,3,0.03, $145.7 , $14.6 ,High
FA-2015-12,19/06/2015,29/06/2015,10,Standard Class,Fashion,T - Shirts, $248.0 ,5,0.02, $143.2 , $14.3 ,Low
FA-2015-23,17/02/2015,22/02/2015,5,Standard Class,Fashion,T - Shirts, $248.0 ,1,0.04, $158.1 , $15.8 ,High
FA-2015-34,25/02/2015,03/03/2015,6,Standard Class,Fashion,T - Shirts, $248.0 ,3,0.04, $138.2 , $13.8 ,Low
FA-2015-45,09/07/2015,11/07/2015,2,Standard Class,Fashion,T - Shirts, $248.0 ,3,0.01, $160.6 , $16.1 ,Low
FA-2015-56,05/06/2015,10/06/2015,5,Standard Class,Fashion,T - Shirts, $248.0 ,3,0.01, $160.6 , $16.1 ,High
FA-2015-67,11/10/2015,18/10/2015,7,Standard Class,Fashion,T - Shirts, $248.0 ,3,0.03, $145.7 , $14.6 ,Medium
FA-2015-78,14/02/2015,17/02/2015,3,Standard Class,Fashion,T - Shirts, $248.0 ,4,0.01, $158.1 , $15.8 ,High
FA-2015-89,30/07/2015,06/08/2015,7,Standard Class,Fashion,T - Shirts, $248.0 ,2,0.03, $153.1 , $15.3 ,High
FA-2015-100,16/12/2015,21/12/2015,5,Standard Class,Fashion,T - Shirts, $248.0 ,3,0.02, $153.1 , $15.3 ,High
FA-2015-111,01/01/2015,04/01/2015,3,Standard Class,Fashion,T - Shirts, $248.0 ,3,0.05, $130.8 , $13.1 ,High
FA-2015-122,22/06/2015,24/06/2015,2,Standard Class,Fashion,T - Shirts, $248.0 ,4,0.02, $148.2 , $14.8 ,Low
FA-2015-133,29/03/2015,01/04/2015,3,Standard Class,Fashion,T - Shirts, $248.0 ,4,0.05, $118.4 , $11.8 ,High
FA-2015-144,23/11/2015,25/11/2015,2,Standard Class,Fashion,T - Shirts, $248.0 ,4,0.03, $138.2 , $13.8 ,High
FA-2015-155,05/08/2015,06/08/2015,1,Standard Class,Fashion,T - Shirts, $248.0 ,5,0.04, $118.4 , $11.8 ,High
FA-2015-166,20/04/2015,24/04/2015,4,Standard Class,Fashion,T - Shirts, $248.0 ,1,0.02, $163.0 , $16.3 ,High
FA-2015-177,21/01/2015,23/01/2015,2,Standard Class,Fashion,T - Shirts, $248.0 ,3,0.01, $160.6 , $16.1 ,Medium
FA-2015-188,12/11/2015,15/11/2015,3,Standard Class,Fashion,T - Shirts, $248.0 ,2,0.04, $148.2 , $14.8 ,Medium
FA-2015-199,23/11/2015,26/11/2015,3,Standard Class,Fashion,T - Shirts, $248.0 ,1,0.01, $165.5 , $16.6 ,Medium
FA-2015-210,11/04/2015,20/04/2015,9,Standard Class,Fashion,T - Shirts, $248.0 ,3,0.01, $160.6 , $16.1 ,Medium
FA-2015-221,15/10/2015,24/10/2015,9,Standard Class,Fashion,T - Shirts, $248.0 ,4,0.05, $118.4 , $11.8 ,High
FA-2015-232,24/07/2015,01/08/2015,8,Standard Class,Fashion,T - Shirts, $248.0 ,1,0.02, $163.0 , $16.3 ,High
FA-2015-243,24/06/2015,28/06/2015,4,Standard Class,Fashion,T - Shirts, $248.0 ,5,0.03, $130.8 , $13.1 ,High
FA-2015-254,09/08/2015,11/08/2015,2,Standard Class,Fashion,T - Shirts, $248.0 ,2,0.05, $143.2 , $14.3 ,High
FA-2015-265,11/08/2015,20/08/2015,9,Standard Class,Fashion,T - Shirts, $248.0 ,1,0.04, $158.1 , $15.8 ,High
FA-2015-276,21/06/2015,28/06/2015,7,Standard Class,Fashion,T - Shirts, $248.0 ,5,0.01, $155.6 , $15.6 ,High
FA-2015-287,28/08/2015,06/09/2015,9,Standard Class,Fashion,T - Shirts, $248.0 ,3,0.01, $160.6 , $16.1 ,Medium
FA-2015-298,16/08/2015,23/08/2015,7,Standard Class,Fashion,T - Shirts, $248.0 ,2,0.02, $158.1 , $15.8 ,Medium
FA-2015-309,24/08/2015,28/08/2015,4,Standard Class,Fashion,T - Shirts, $248.0 ,1,0.02, $163.0 , $16.3 ,High
FA-2015-320,05/02/2015,12/02/2015,7,Standard Class,Fashion,T - Shirts, $248.0 ,1,0.03, $160.6 , $16.1 ,High
FA-2015-331,13/09/2015,22/09/2015,9,Standard Class,Fashion,T - Shirts, $248.0 ,5,0.01, $155.6 , $15.6 ,Medium
FA-2015-342,28/06/2015,29/06/2015,1,Standard Class,Fashion,T - Shirts, $248.0 ,1,0.02, $163.0 , $16.3 ,High
FA-2015-353,24/11/2015,27/11/2015,3,Standard Class,Fashion,T - Shirts, $248.0 ,5,0.04, $118.4 , $11.8 ,Medium
FA-2015-364,17/08/2015,20/08/2015,3,Standard Class,Fashion,T - Shirts, $248.0 ,1,0.03, $160.6 , $16.1 ,High
FA-2015-375,18/12/2015,24/12/2015,6,Standard Class,Fashion,T - Shirts, $248.0 ,5,0.02, $143.2 , $14.3 ,Medium
FA-2015-386,05/10/2015,06/10/2015,1,Standard Class,Fashion,T - Shirts, $248.0 ,5,0.05, $106.0 , $10.6 ,Low
FA-2015-397,11/10/2015,16/10/2015,5,Standard Class,Fashion,T - Shirts, $248.0 ,2,0.01, $163.0 , $16.3 ,Medium
FA-2015-408,25/07/2015,03/08/2015,9,Standard Class,Fashion,T - Shirts, $248.0 ,2,0.03, $153.1 , $15.3 ,Medium
FA-2015-419,15/05/2015,24/05/2015,9,Standard Class,Fashion,T - Shirts, $248.0 ,3,0.04, $138.2 , $13.8 ,Low
FA-2015-430,29/04/2015,06/05/2015,7,Standard Class,Fashion,T - Shirts, $248.0 ,3,0.03, $145.7 , $14.6 ,Medium
FA-2015-441,29/09/2015,02/10/2015,3,Standard Class,Fashion,T - Shirts, $248.0 ,3,0.05, $130.8 , $13.1 ,Medium
FA-2015-452,25/06/2015,26/06/2015,1,Standard Class,Fashion,T - Shirts, $248.0 ,4,0.04, $128.3 , $12.8 ,Medium
FA-2015-463,02/12/2015,03/12/2015,1,Standard Class,Fashion,T - Shirts, $248.0 ,1,0.04, $158.1 , $15.8 ,Medium
FA-2015-474,18/06/2015,23/06/2015,5,Standard Class,Fashion,T - Shirts, $248.0 ,4,0.05, $118.4 , $11.8 ,High
FA-2015-485,09/08/2015,19/08/2015,10,Standard Class,Fashion,T - Shirts, $248.0 ,2,0.03, $153.1 , $15.3 ,Medium
FA-2015-496,13/09/2015,17/09/2015,4,Standard Class,Fashion,T - Shirts, $248.0 ,1,0.01, $165.5 , $16.6 ,Medium
FA-2015-507,17/06/2015,19/06/2015,2,Standard Class,Fashion,T - Shirts, $248.0 ,4,0.03, $138.2 , $13.8 ,Medium
FA-2015-518,19/07/2015,24/07/2015,5,Standard Class,Fashion,T - Shirts, $248.0 ,4,0.01, $158.1 , $15.8 ,High
FA-2015-529,06/11/2015,11/11/2015,5,Standard Class,Fashion,T - Shirts, $248.0 ,4,0.05, $118.4 , $11.8 ,High
FA-2015-540,08/08/2015,11/08/2015,3,Standard Class,Fashion,T - Shirts, $248.0 ,3,0.04, $138.2 , $13.8 ,High
FA-2015-551,16/12/2015,24/12/2015,8,Standard Class,Fashion,T - Shirts, $248.0 ,4,0.02, $148.2 , $14.8 ,Medium
FA-2015-562,06/02/2015,12/02/2015,6,Standard Class,Fashion,T - Shirts, $248.0 ,4,0.01, $158.1 , $15.8 ,Medium
FA-2015-573,25/10/2015,30/10/2015,5,Standard Class,Fashion,T - Shirts, $248.0 ,1,0.04, $158.1 , $15.8 ,Low
FA-2015-584,26/11/2015,28/11/2015,2,Standard Class,Fashion,T - Shirts, $248.0 ,4,0.05, $118.4 , $11.8 ,High
FA-2015-595,02/12/2015,07/12/2015,5,Standard Class,Fashion,T - Shirts, $248.0 ,4,0.05, $118.4 , $11.8 ,Medium
FA-2015-606,03/05/2015,10/05/2015,7,Standard Class,Fashion,T - Shirts, $248.0 ,1,0.04, $158.1 , $15.8 ,Medium
FA-2015-617,21/03/2015,25/03/2015,4,Standard Class,Fashion,T - Shirts, $248.0 ,3,0.02, $153.1 , $15.3 ,High
FA-2015-628,03/05/2015,04/05/2015,1,Standard Class,Fashion,T - Shirts, $248.0 ,3,0.03, $145.7 , $14.6 ,Low
FA-2015-639,28/01/2015,29/01/2015,1,Standard Class,Fashion,T - Shirts, $248.0 ,5,0.01, $155.6 , $15.6 ,High
FA-2015-650,23/02/2015,28/02/2015,5,Standard Class,Fashion,T - Shirts, $248.0 ,1,0.04, $158.1 , $15.8 ,Medium
FA-2015-661,31/08/2015,04/09/2015,4,Standard Class,Fashion,T - Shirts, $248.0 ,5,0.01, $155.6 , $15.6 ,High
FA-2015-672,30/07/2015,03/08/2015,4,Standard Class,Fashion,T - Shirts, $248.0 ,4,0.04, $128.3 , $12.8 ,Medium
FA-2015-683,26/08/2015,04/09/2015,9,Standard Class,Fashion,T - Shirts, $248.0 ,3,0.04, $138.2 , $13.8 ,Medium
FA-2015-694,19/11/2015,20/11/2015,1,Standard Class,Fashion,T - Shirts, $248.0 ,3,0.04, $138.2 , $13.8 ,High
FA-2015-705,05/04/2015,13/04/2015,8,Standard Class,Fashion,T - Shirts, $248.0 ,5,0.04, $118.4 , $11.8 ,High
FA-2015-716,11/07/2015,17/07/2015,6,Standard Class,Fashion,T - Shirts, $248.0 ,5,0.03, $130.8 , $13.1 ,Medium
FA-2015-727,19/03/2015,22/03/2015,3,Standard Class,Fashion,T - Shirts, $248.0 ,5,0.05, $106.0 , $10.6 ,Low
FA-2015-738,29/04/2015,09/05/2015,10,Standard Class,Fashion,T - Shirts, $248.0 ,2,0.04, $148.2 , $14.8 ,Medium
FA-2015-749,23/05/2015,26/05/2015,3,Standard Class,Fashion,T - Shirts, $248.0 ,1,0.05, $155.6 , $15.6 ,Low
FA-2015-760,18/06/2015,21/06/2015,3,Standard Class,Fashion,T - Shirts, $248.0 ,3,0.04, $138.2 , $13.8 ,High
FA-2015-771,20/07/2015,25/07/2015,5,Standard Class,Fashion,T - Shirts, $248.0 ,3,0.01, $160.6 , $16.1 ,High
FA-2015-782,28/06/2015,05/07/2015,7,Standard Class,Fashion,T - Shirts, $248.0 ,2,0.03, $153.1 , $15.3 ,Medium
FA-2015-793,18/02/2015,22/02/2015,4,Standard Class,Fashion,T - Shirts, $248.0 ,4,0.05, $118.4 , $11.8 ,High
FA-2015-804,12/11/2015,16/11/2015,4,Standard Class,Fashion,T - Shirts, $248.0 ,4,0.03, $138.2 , $13.8 ,Medium
FA-2015-815,01/10/2015,02/10/2015,1,Standard Class,Fashion,T - Shirts, $248.0 ,2,0.04, $148.2 , $14.8 ,Medium
FA-2015-826,09/07/2015,12/07/2015,3,Standard Class,Fashion,T - Shirts, $248.0 ,3,0.01, $160.6 , $16.1 ,Low
FA-2015-837,28/12/2015,02/01/2016,5,Standard Class,Fashion,T - Shirts, $248.0 ,3,0.04, $138.2 , $13.8 ,Medium
FA-2015-848,22/06/2015,27/06/2015,5,Standard Class,Fashion,T - Shirts, $248.0 ,3,0.03, $145.7 , $14.6 ,Medium
FA-2015-859,04/01/2015,11/01/2015,7,Standard Class,Fashion,T - Shirts, $248.0 ,3,0.05, $130.8 , $13.1 ,High
FA-2015-870,08/02/2015,14/02/2015,6,Standard Class,Fashion,T - Shirts, $248.0 ,3,0.02, $153.1 , $15.3 ,Medium
FA-2015-881,19/07/2015,27/07/2015,8,Standard Class,Fashion,T - Shirts, $248.0 ,3,0.05, $130.8 , $13.1 ,High
FA-2015-892,20/03/2015,27/03/2015,7,Standard Class,Fashion,T - Shirts, $248.0 ,1,0.02, $163.0 , $16.3 ,Low
FA-2015-903,06/01/2015,11/01/2015,5,Standard Class,Fashion,T - Shirts, $248.0 ,5,0.04, $118.4 , $11.8 ,Medium
FA-2015-914,06/06/2015,07/06/2015,1,Standard Class,Fashion,T - Shirts, $248.0 ,4,0.04, $128.3 , $12.8 ,Low
FA-2015-925,25/10/2015,29/10/2015,4,Standard Class,Fashion,T - Shirts, $248.0 ,3,0.02, $153.1 , $15.3 ,Medium
FA-2015-936,31/05/2015,08/06/2015,8,Standard Class,Fashion,T - Shirts, $248.0 ,1,0.04, $158.1 , $15.8 ,Low
FA-2015-947,16/07/2015,22/07/2015,6,Standard Class,Fashion,T - Shirts, $248.0 ,3,0.01, $160.6 , $16.1 ,Medium
FA-2015-958,11/05/2015,21/05/2015,10,Standard Class,Fashion,T - Shirts, $248.0 ,5,0.05, $106.0 , $10.6 ,Medium
FA-2015-969,13/06/2015,17/06/2015,4,Standard Class,Fashion,T - Shirts, $248.0 ,3,0.04, $138.2 , $13.8 ,Medium
FA-2015-980,11/12/2015,16/12/2015,5,Standard Class,Fashion,T - Shirts, $248.0 ,3,0.01, $160.6 , $16.1 ,Medium
FA-2015-991,19/01/2015,22/01/2015,3,Standard Class,Fashion,T - Shirts, $248.0 ,1,0.01, $165.5 , $16.6 ,Medium
FA-2015-1002,14/01/2015,20/01/2015,6,Standard Class,Fashion,T - Shirts, $248.0 ,2,0.04, $148.2 , $14.8 ,Medium
FA-2015-1013,09/03/2015,19/03/2015,10,Standard Class,Fashion,T - Shirts, $248.0 ,3,0.05, $130.8 , $13.1 ,Medium
FA-2015-1024,20/01/2015,30/01/2015,10,Standard Class,Fashion,T - Shirts, $248.0 ,4,0.01, $158.1 , $15.8 ,Low
FA-2015-1035,06/04/2015,13/04/2015,7,Standard Class,Fashion,T - Shirts, $248.0 ,5,0.04, $118.4 , $11.8 ,High
FA-2015-1046,30/07/2015,31/07/2015,1,Standard Class,Fashion,T - Shirts, $248.0 ,1,0.02, $163.0 , $16.3 ,High
FA-2015-1057,26/03/2015,04/04/2015,9,Standard Class,Fashion,T - Shirts, $248.0 ,2,0.04, $148.2 , $14.8 ,Medium
FA-2015-1068,10/03/2015,13/03/2015,3,Standard Class,Fashion,T - Shirts, $248.0 ,1,0.01, $165.5 , $16.6 ,High
FA-2015-1079,22/05/2015,26/05/2015,4,Standard Class,Fashion,T - Shirts, $248.0 ,5,0.04, $118.4 , $11.8 ,Medium
FA-2015-1090,28/04/2015,08/05/2015,10,Standard Class,Fashion,T - Shirts, $248.0 ,5,0.05, $106.0 , $10.6 ,Medium
FA-2015-1101,02/02/2015,05/02/2015,3,Standard Class,Fashion,T - Shirts, $248.0 ,3,0.05, $130.8 , $13.1 ,Medium
FA-2015-1112,20/01/2015,26/01/2015,6,Standard Class,Fashion,T - Shirts, $248.0 ,3,0.04, $138.2 , $13.8 ,High
FA-2015-1123,14/03/2015,18/03/2015,4,Standard Class,Fashion,T - Shirts, $248.0 ,5,0.02, $143.2 , $14.3 ,Low
FA-2015-1134,26/07/2015,30/07/2015,4,Standard Class,Fashion,T - Shirts, $248.0 ,3,0.04, $138.2 , $13.8 ,High
FA-2015-1145,17/03/2015,24/03/2015,7,Standard Class,Fashion,T - Shirts, $248.0 ,1,0.03, $160.6 , $16.1 ,High
FA-2015-1156,01/08/2015,03/08/2015,2,Standard Class,Fashion,T - Shirts, $248.0 ,2,0.01, $163.0 , $16.3 ,Medium
FA-2015-1167,27/04/2015,30/04/2015,3,Standard Class,Fashion,T - Shirts, $248.0 ,2,0.01, $163.0 , $16.3 ,Medium
FA-2015-1178,19/09/2015,21/09/2015,2,Standard Class,Fashion,T - Shirts, $248.0 ,3,0.03, $145.7 , $14.6 ,Medium
FA-2015-1189,27/04/2015,06/05/2015,9,Standard Class,Fashion,T - Shirts, $248.0 ,5,0.01, $155.6 , $15.6 ,Medium
FA-2015-1200,23/09/2015,27/09/2015,4,Standard Class,Fashion,T - Shirts, $248.0 ,5,0.02, $143.2 , $14.3 ,Medium
FA-2015-1211,13/09/2015,23/09/2015,10,Standard Class,Fashion,T - Shirts, $248.0 ,5,0.05, $106.0 , $10.6 ,High
FA-2015-1222,19/06/2015,22/06/2015,3,Standard Class,Fashion,T - Shirts, $248.0 ,4,0.01, $158.1 , $15.8 ,High
FA-2015-1233,16/06/2015,23/06/2015,7,Standard Class,Fashion,T - Shirts, $248.0 ,3,0.01, $160.6 , $16.1 ,High
FA-2015-1244,19/06/2015,20/06/2015,1,Standard Class,Fashion,T - Shirts, $248.0 ,3,0.03, $145.7 , $14.6 ,High
FA-2015-1255,13/02/2015,17/02/2015,4,Standard Class,Fashion,T - Shirts, $248.0 ,2,0.01, $163.0 , $16.3 ,Medium
FA-2015-1266,26/03/2015,01/04/2015,6,Standard Class,Fashion,T - Shirts, $248.0 ,5,0.05, $106.0 , $10.6 ,Low
FA-2015-1277,12/02/2015,14/02/2015,2,Standard Class,Fashion,T - Shirts, $248.0 ,3,0.01, $160.6 , $16.1 ,Medium
FA-2015-1288,09/05/2015,12/05/2015,3,Standard Class,Fashion,T - Shirts, $248.0 ,1,0.04, $158.1 , $15.8 ,Medium
FA-2015-1299,20/12/2015,24/12/2015,4,Standard Class,Fashion,T - Shirts, $248.0 ,3,0.05, $130.8 , $13.1 ,Medium
FA-2015-1310,18/04/2015,24/04/2015,6,Standard Class,Fashion,T - Shirts, $248.0 ,3,0.01, $160.6 , $16.1 ,Medium
FA-2015-1321,22/03/2015,29/03/2015,7,Standard Class,Fashion,T - Shirts, $248.0 ,3,0.05, $130.8 , $13.1 ,High
FA-2015-1332,19/09/2015,27/09/2015,8,Standard Class,Fashion,T - Shirts, $248.0 ,3,0.05, $130.8 , $13.1 ,Medium
FA-2015-1343,18/06/2015,28/06/2015,10,Standard Class,Fashion,T - Shirts, $248.0 ,3,0.04, $138.2 , $13.8 ,High
FA-2015-1354,06/01/2015,15/01/2015,9,Standard Class,Fashion,T - Shirts, $248.0 ,4,0.02, $148.2 , $14.8 ,Low
FA-2015-1365,23/12/2015,01/01/2016,9,Standard Class,Fashion,T - Shirts, $248.0 ,3,0.02, $153.1 , $15.3 ,High
FA-2015-1376,18/12/2015,26/12/2015,8,Standard Class,Fashion,T - Shirts, $248.0 ,5,0.03, $130.8 , $13.1 ,Medium
FA-2015-1387,12/05/2015,22/05/2015,10,Standard Class,Fashion,T - Shirts, $248.0 ,1,0.04, $158.1 , $15.8 ,Medium
FA-2015-1398,29/03/2015,30/03/2015,1,Standard Class,Fashion,T - Shirts, $248.0 ,4,0.03, $138.2 , $13.8 ,Medium
FA-2015-1409,31/05/2015,01/06/2015,1,Standard Class,Fashion,T - Shirts, $248.0 ,3,0.02, $153.1 , $15.3 ,Medium
FA-2015-1420,23/11/2015,26/11/2015,3,Standard Class,Fashion,T - Shirts, $248.0 ,3,0.03, $145.7 , $14.6 ,Low
FA-2015-1431,06/08/2015,14/08/2015,8,Standard Class,Fashion,T - Shirts, $248.0 ,4,0.04, $128.3 , $12.8 ,High
FA-2015-1442,18/10/2015,22/10/2015,4,Standard Class,Fashion,T - Shirts, $248.0 ,1,0.02, $163.0 , $16.3 ,High
FA-2015-1453,20/11/2015,22/11/2015,2,Standard Class,Fashion,T - Shirts, $248.0 ,2,0.05, $143.2 , $14.3 ,Medium
FA-2015-1464,30/12/2015,08/01/2016,9,Standard Class,Fashion,T - Shirts, $248.0 ,2,0.04, $148.2 , $14.8 ,Low
FA-2015-1475,16/01/2015,25/01/2015,9,Standard Class,Fashion,T - Shirts, $248.0 ,4,0.03, $138.2 , $13.8 ,Low
FA-2015-1486,20/08/2015,22/08/2015,2,Standard Class,Fashion,T - Shirts, $248.0 ,2,0.01, $163.0 , $16.3 ,Medium
FA-2015-1497,20/12/2015,30/12/2015,10,Standard Class,Fashion,T - Shirts, $248.0 ,3,0.05, $130.8 , $13.1 ,High
FA-2015-1508,21/06/2015,29/06/2015,8,Standard Class,Fashion,T - Shirts, $248.0 ,1,0.05, $155.6 , $15.6 ,High
FA-2015-1519,23/05/2015,27/05/2015,4,Standard Class,Fashion,T - Shirts, $248.0 ,4,0.01, $158.1 , $15.8 ,High
FA-2015-1530,26/07/2015,05/08/2015,10,Standard Class,Fashion,T - Shirts, $248.0 ,3,0.01, $160.6 , $16.1 ,Medium
FA-2015-1541,29/07/2015,05/08/2015,7,Standard Class,Fashion,T - Shirts, $248.0 ,4,0.02, $148.2 , $14.8 ,High
FA-2015-1552,12/04/2015,14/04/2015,2,Standard Class,Fashion,T - Shirts, $248.0 ,1,0.04, $158.1 , $15.8 ,High
FA-2015-1563,25/10/2015,28/10/2015,3,Standard Class,Fashion,T - Shirts, $248.0 ,1,0.03, $160.6 , $16.1 ,Medium
FA-2015-1574,15/05/2015,18/05/2015,3,Standard Class,Fashion,T - Shirts, $248.0 ,1,0.04, $158.1 , $15.8 ,Medium
FA-2015-1585,19/01/2015,24/01/2015,5,Standard Class,Fashion,T - Shirts, $248.0 ,2,0.02, $158.1 , $15.8 ,Medium
FA-2015-1596,04/01/2015,13/01/2015,9,Standard Class,Fashion,T - Shirts, $248.0 ,4,0.05, $118.4 , $11.8 ,Medium
FA-2015-1607,23/07/2015,25/07/2015,2,Standard Class,Fashion,T - Shirts, $248.0 ,3,0.05, $130.8 , $13.1 ,Medium
FA-2015-1618,07/02/2015,14/02/2015,7,Standard Class,Fashion,T - Shirts, $248.0 ,5,0.02, $143.2 , $14.3 ,Medium
FA-2015-1629,06/12/2015,07/12/2015,1,Standard Class,Fashion,T - Shirts, $248.0 ,1,0.03, $160.6 , $16.1 ,Medium
FA-2015-1640,30/09/2015,02/10/2015,2,Standard Class,Fashion,T - Shirts, $248.0 ,1,0.04, $158.1 , $15.8 ,Medium
FA-2015-1651,09/06/2015,16/06/2015,7,Standard Class,Fashion,T - Shirts, $248.0 ,3,0.03, $145.7 , $14.6 ,Low
FA-2015-1662,08/04/2015,14/04/2015,6,Standard Class,Fashion,T - Shirts, $248.0 ,2,0.01, $163.0 , $16.3 ,Medium
FA-2015-1673,17/10/2015,20/10/2015,3,Standard Class,Fashion,T - Shirts, $248.0 ,3,0.01, $160.6 , $16.1 ,Medium
FA-2015-1684,19/09/2015,28/09/2015,9,Standard Class,Fashion,T - Shirts, $248.0 ,5,0.02, $143.2 , $14.3 ,Medium
FA-2015-1695,02/10/2015,04/10/2015,2,Standard Class,Fashion,T - Shirts, $248.0 ,3,0.01, $160.6 , $16.1 ,Medium
FA-2015-1706,22/06/2015,30/06/2015,8,Standard Class,Fashion,T - Shirts, $248.0 ,4,0.04, $128.3 , $12.8 ,High
FA-2015-1717,10/08/2015,12/08/2015,2,Standard Class,Fashion,T - Shirts, $248.0 ,5,0.03, $130.8 , $13.1 ,Medium
FA-2015-1728,11/01/2015,16/01/2015,5,Standard Class,Fashion,T - Shirts, $248.0 ,5,0.04, $118.4 , $11.8 ,High
FA-2015-1739,26/06/2015,04/07/2015,8,Standard Class,Fashion,T - Shirts, $248.0 ,1,0.02, $163.0 , $16.3 ,Low
FA-2015-1750,16/04/2015,23/04/2015,7,Standard Class,Fashion,T - Shirts, $248.0 ,5,0.04, $118.4 , $11.8 ,Low
FA-2015-1761,23/05/2015,27/05/2015,4,Standard Class,Fashion,T - Shirts, $248.0 ,5,0.01, $155.6 , $15.6 ,High
FA-2015-1772,30/04/2015,01/05/2015,1,Standard Class,Fashion,T - Shirts, $248.0 ,2,0.03, $153.1 , $15.3 ,High
FA-2015-1783,03/08/2015,08/08/2015,5,Standard Class,Fashion,T - Shirts, $248.0 ,1,0.04, $158.1 , $15.8 ,Medium
FA-2015-1794,05/11/2015,14/11/2015,9,Standard Class,Fashion,T - Shirts, $248.0 ,5,0.05, $106.0 , $10.6 ,Medium
FA-2015-1805,29/09/2015,09/10/2015,10,Standard Class,Fashion,T - Shirts, $248.0 ,3,0.04, $138.2 , $13.8 ,High
FA-2015-1816,21/11/2015,23/11/2015,2,Standard Class,Fashion,T - Shirts, $248.0 ,5,0.05, $106.0 , $10.6 ,Medium
FA-2015-1827,25/05/2015,01/06/2015,7,Standard Class,Fashion,T - Shirts, $248.0 ,2,0.03, $153.1 , $15.3 ,Medium
FA-2015-1838,27/11/2015,06/12/2015,9,Standard Class,Fashion,T - Shirts, $248.0 ,2,0.01, $163.0 , $16.3 ,Medium
FA-2015-1849,01/04/2015,03/04/2015,2,Standard Class,Fashion,T - Shirts, $248.0 ,2,0.03, $153.1 , $15.3 ,Medium
FA-2015-1860,16/08/2015,24/08/2015,8,Standard Class,Fashion,T - Shirts, $248.0 ,3,0.01, $160.6 , $16.1 ,Medium
FA-2015-1871,11/08/2015,12/08/2015,1,Standard Class,Fashion,T - Shirts, $248.0 ,4,0.05, $118.4 , $11.8 ,High
FA-2015-1882,21/09/2015,29/09/2015,8,Standard Class,Fashion,T - Shirts, $248.0 ,2,0.02, $158.1 , $15.8 ,Medium
FA-2015-1893,12/02/2015,16/02/2015,4,Standard Class,Fashion,T - Shirts, $248.0 ,4,0.02, $148.2 , $14.8 ,Medium
FA-2015-1904,30/08/2015,09/09/2015,10,Standard Class,Fashion,T - Shirts, $248.0 ,1,0.04, $158.1 , $15.8 ,Medium
FA-2015-1915,17/08/2015,19/08/2015,2,Standard Class,Fashion,T - Shirts, $248.0 ,3,0.02, $153.1 , $15.3 ,Low
FA-2015-1926,07/05/2015,13/05/2015,6,Standard Class,Fashion,T - Shirts, $248.0 ,3,0.02, $153.1 , $15.3 ,High
FA-2015-1937,19/08/2015,20/08/2015,1,Standard Class,Fashion,T - Shirts, $248.0 ,3,0.05, $130.8 , $13.1 ,Medium
FA-2015-1948,20/09/2015,26/09/2015,6,Standard Class,Fashion,T - Shirts, $248.0 ,1,0.04, $158.1 , $15.8 ,Medium
FA-2015-1959,01/07/2015,10/07/2015,9,Standard Class,Fashion,T - Shirts, $248.0 ,5,0.03, $130.8 , $13.1 ,High
FA-2015-1970,13/11/2015,22/11/2015,9,Standard Class,Fashion,T - Shirts, $248.0 ,5,0.01, $155.6 , $15.6 ,Medium
FA-2015-1981,08/07/2015,14/07/2015,6,Standard Class,Fashion,T - Shirts, $248.0 ,4,0.01, $158.1 , $15.8 ,High
FA-2015-1992,26/09/2015,02/10/2015,6,Standard Class,Fashion,T - Shirts, $248.0 ,3,0.05, $130.8 , $13.1 ,Medium
FA-2015-2003,10/08/2015,20/08/2015,10,Standard Class,Fashion,T - Shirts, $248.0 ,3,0.04, $138.2 , $13.8 ,High
FA-2015-2014,22/08/2015,31/08/2015,9,Standard Class,Fashion,T - Shirts, $248.0 ,2,0.02, $158.1 , $15.8 ,Medium
FA-2015-2025,26/12/2015,02/01/2016,7,Standard Class,Fashion,T - Shirts, $248.0 ,5,0.05, $106.0 , $10.6 ,High
FA-2015-2036,29/12/2015,02/01/2016,4,Standard Class,Fashion,T - Shirts, $248.0 ,1,0.04, $158.1 , $15.8 ,Medium
FA-2015-2047,01/02/2015,08/02/2015,7,Standard Class,Fashion,T - Shirts, $248.0 ,1,0.04, $158.1 , $15.8 ,High
FA-2015-2058,16/11/2015,23/11/2015,7,Standard Class,Fashion,T - Shirts, $248.0 ,5,0.02, $143.2 , $14.3 ,High
FA-2015-2069,14/02/2015,20/02/2015,6,Standard Class,Fashion,T - Shirts, $248.0 ,1,0.03, $160.6 , $16.1 ,Medium
FA-2015-2080,05/08/2015,15/08/2015,10,Standard Class,Fashion,T - Shirts, $248.0 ,4,0.01, $158.1 , $15.8 ,Medium
FA-2015-2091,16/09/2015,20/09/2015,4,Standard Class,Fashion,T - Shirts, $248.0 ,1,0.05, $155.6 , $15.6 ,Medium
FA-2015-2102,31/10/2015,05/11/2015,5,Standard Class,Fashion,T - Shirts, $248.0 ,2,0.04, $148.2 , $14.8 ,High
FA-2015-2113,09/08/2015,13/08/2015,4,Standard Class,Fashion,T - Shirts, $248.0 ,5,0.01, $155.6 , $15.6 ,Medium
FA-2015-2124,25/08/2015,04/09/2015,10,Standard Class,Fashion,T - Shirts, $248.0 ,5,0.02, $143.2 , $14.3 ,High
FA-2015-2135,06/05/2015,13/05/2015,7,Standard Class,Fashion,T - Shirts, $248.0 ,3,0.01, $160.6 , $16.1 ,Low
FA-2015-2146,31/05/2015,02/06/2015,2,Standard Class,Fashion,T - Shirts, $248.0 ,4,0.02, $148.2 , $14.8 ,Medium
FA-2015-2157,28/01/2015,30/01/2015,2,Standard Class,Fashion,T - Shirts, $248.0 ,3,0.05, $130.8 , $13.1 ,High
FA-2015-2168,28/11/2015,02/12/2015,4,Standard Class,Fashion,T - Shirts, $248.0 ,2,0.01, $163.0 , $16.3 ,High
FA-2015-2179,28/01/2015,29/01/2015,1,Standard Class,Fashion,T - Shirts, $248.0 ,4,0.04, $128.3 , $12.8 ,Medium
FA-2015-2190,31/12/2015,09/01/2016,9,Standard Class,Fashion,T - Shirts, $248.0 ,5,0.01, $155.6 , $15.6 ,Medium
FA-2015-2201,25/07/2015,30/07/2015,5,Standard Class,Fashion,T - Shirts, $248.0 ,3,0.02, $153.1 , $15.3 ,Low
FA-2015-2212,14/04/2015,20/04/2015,6,Standard Class,Fashion,T - Shirts, $248.0 ,4,0.02, $148.2 , $14.8 ,Medium
FA-2015-2223,14/09/2015,17/09/2015,3,Standard Class,Fashion,T - Shirts, $248.0 ,1,0.01, $165.5 , $16.6 ,High
FA-2015-2234,31/12/2015,09/01/2016,9,Standard Class,Fashion,T - Shirts, $248.0 ,1,0.01, $165.5 , $16.6 ,High
FA-2015-2245,10/05/2015,14/05/2015,4,Standard Class,Fashion,T - Shirts, $248.0 ,3,0.03, $145.7 , $14.6 ,Medium
FA-2015-2256,20/05/2015,29/05/2015,9,Standard Class,Fashion,T - Shirts, $248.0 ,2,0.04, $148.2 , $14.8 ,Medium
FA-2015-2267,04/11/2015,07/11/2015,3,Standard Class,Fashion,T - Shirts, $248.0 ,4,0.05, $118.4 , $11.8 ,High
FA-2015-2278,15/05/2015,18/05/2015,3,Standard Class,Fashion,T - Shirts, $248.0 ,2,0.05, $143.2 , $14.3 ,High
FA-2015-2289,04/09/2015,05/09/2015,1,Standard Class,Fashion,T - Shirts, $248.0 ,2,0.03, $153.1 , $15.3 ,Medium
FA-2015-2300,04/11/2015,07/11/2015,3,Standard Class,Fashion,T - Shirts, $248.0 ,1,0.02, $163.0 , $16.3 ,Medium
FA-2015-2311,28/10/2015,03/11/2015,6,Standard Class,Fashion,T - Shirts, $248.0 ,2,0.02, $158.1 , $15.8 ,High
FA-2015-2322,24/05/2015,25/05/2015,1,Standard Class,Fashion,T - Shirts, $248.0 ,1,0.01, $165.5 , $16.6 ,Medium
FA-2015-2333,14/10/2015,23/10/2015,9,Standard Class,Fashion,T - Shirts, $248.0 ,5,0.01, $155.6 , $15.6 ,Medium
FA-2015-2344,16/03/2015,17/03/2015,1,Standard Class,Fashion,T - Shirts, $248.0 ,4,0.02, $148.2 , $14.8 ,Medium
FA-2015-2355,27/08/2015,03/09/2015,7,Standard Class,Fashion,T - Shirts, $248.0 ,4,0.02, $148.2 , $14.8 ,Medium
FA-2015-2366,02/05/2015,09/05/2015,7,Standard Class,Fashion,T - Shirts, $248.0 ,1,0.05, $155.6 , $15.6 ,Medium
FA-2015-2377,14/12/2015,15/12/2015,1,Standard Class,Fashion,T - Shirts, $248.0 ,4,0.05, $118.4 , $11.8 ,Low
FA-2015-2388,04/10/2015,07/10/2015,3,Standard Class,Fashion,T - Shirts, $248.0 ,3,0.05, $130.8 , $13.1 ,Medium
FA-2015-2399,14/02/2015,18/02/2015,4,Standard Class,Fashion,T - Shirts, $248.0 ,4,0.01, $158.1 , $15.8 ,Medium
FA-2015-2410,25/08/2015,04/09/2015,10,Standard Class,Fashion,T - Shirts, $248.0 ,3,0.04, $138.2 , $13.8 ,Medium
FA-2015-2421,25/07/2015,28/07/2015,3,Standard Class,Fashion,T - Shirts, $248.0 ,4,0.02, $148.2 , $14.8 ,High
FA-2015-2432,06/07/2015,15/07/2015,9,Standard Class,Fashion,T - Shirts, $248.0 ,4,0.04, $128.3 , $12.8 ,High
FA-2015-2443,22/08/2015,23/08/2015,1,Standard Class,Fashion,T - Shirts, $248.0 ,3,0.02, $153.1 , $15.3 ,Medium
FA-2015-2454,03/05/2015,06/05/2015,3,Standard Class,Fashion,T - Shirts, $248.0 ,3,0.05, $130.8 , $13.1 ,Medium
FA-2015-2465,02/11/2015,06/11/2015,4,Standard Class,Fashion,T - Shirts, $248.0 ,1,0.01, $165.5 , $16.6 ,Medium
FA-2015-2476,18/05/2015,21/05/2015,3,Standard Class,Fashion,T - Shirts, $248.0 ,3,0.02, $153.1 , $15.3 ,High
FA-2015-2487,09/03/2015,10/03/2015,1,Standard Class,Fashion,T - Shirts, $248.0 ,3,0.01, $160.6 , $16.1 ,Medium
FA-2015-2498,02/05/2015,11/05/2015,9,Standard Class,Fashion,T - Shirts, $248.0 ,5,0.01, $155.6 , $15.6 ,High
FA-2015-2509,22/12/2015,23/12/2015,1,Standard Class,Fashion,T - Shirts, $248.0 ,4,0.05, $118.4 , $11.8 ,Medium
FA-2015-2520,25/08/2015,31/08/2015,6,Standard Class,Fashion,T - Shirts, $248.0 ,4,0.01, $158.1 , $15.8 ,High
FA-2015-2531,09/03/2015,15/03/2015,6,Standard Class,Fashion,T - Shirts, $248.0 ,3,0.02, $153.1 , $15.3 ,Medium
FA-2015-2542,08/03/2015,18/03/2015,10,Standard Class,Fashion,T - Shirts, $248.0 ,2,0.04, $148.2 , $14.8 ,Medium
FA-2015-2553,25/11/2015,04/12/2015,9,Standard Class,Fashion,T - Shirts, $248.0 ,2,0.05, $143.2 , $14.3 ,Medium
FA-2015-2564,12/05/2015,18/05/2015,6,Standard Class,Fashion,T - Shirts, $248.0 ,2,0.04, $148.2 , $14.8 ,Medium
FA-2015-2575,28/11/2015,03/12/2015,5,Standard Class,Fashion,T - Shirts, $248.0 ,3,0.03, $145.7 , $14.6 ,High
FA-2015-2586,30/01/2015,01/02/2015,2,Standard Class,Fashion,T - Shirts, $248.0 ,1,0.01, $165.5 , $16.6 ,Medium
FA-2015-2597,15/06/2015,25/06/2015,10,Standard Class,Fashion,T - Shirts, $248.0 ,3,0.04, $138.2 , $13.8 ,Medium
FA-2015-2608,09/05/2015,11/05/2015,2,Standard Class,Fashion,T - Shirts, $248.0 ,1,0.04, $158.1 , $15.8 ,Medium
FA-2015-2619,31/07/2015,10/08/2015,10,Standard Class,Fashion,T - Shirts, $248.0 ,1,0.05, $155.6 , $15.6 ,Medium
FA-2015-2630,09/06/2015,17/06/2015,8,Standard Class,Fashion,T - Shirts, $248.0 ,3,0.04, $138.2 , $13.8 ,Medium
FA-2015-2641,19/08/2015,26/08/2015,7,Standard Class,Fashion,T - Shirts, $248.0 ,3,0.03, $145.7 , $14.6 ,Low
FA-2015-2652,26/05/2015,05/06/2015,10,Standard Class,Fashion,T - Shirts, $248.0 ,3,0.04, $138.2 , $13.8 ,High
FA-2015-2663,10/12/2015,11/12/2015,1,Standard Class,Fashion,T - Shirts, $248.0 ,5,0.05, $106.0 , $10.6 ,High
FA-2015-2674,10/02/2015,19/02/2015,9,Standard Class,Fashion,T - Shirts, $248.0 ,4,0.01, $158.1 , $15.8 ,Medium
FA-2015-2685,15/04/2015,17/04/2015,2,Standard Class,Fashion,T - Shirts, $248.0 ,2,0.03, $153.1 , $15.3 ,Medium
FA-2015-2696,24/12/2015,02/01/2016,9,Standard Class,Fashion,T - Shirts, $248.0 ,3,0.03, $145.7 , $14.6 ,Medium
FA-2015-2707,04/05/2015,11/05/2015,7,Standard Class,Fashion,T - Shirts, $248.0 ,3,0.01, $160.6 , $16.1 ,Medium
FA-2015-2718,24/10/2015,25/10/2015,1,Standard Class,Fashion,T - Shirts, $248.0 ,3,0.04, $138.2 , $13.8 ,Low
FA-2015-2729,24/12/2015,26/12/2015,2,Standard Class,Fashion,T - Shirts, $248.0 ,5,0.05, $106.0 , $10.6 ,Medium
FA-2015-2740,08/01/2015,10/01/2015,2,Standard Class,Fashion,T - Shirts, $248.0 ,2,0.05, $143.2 , $14.3 ,Medium
FA-2015-2751,27/12/2015,29/12/2015,2,Standard Class,Fashion,T - Shirts, $248.0 ,1,0.05, $155.6 , $15.6 ,Medium
FA-2015-2762,25/07/2015,02/08/2015,8,Standard Class,Fashion,T - Shirts, $248.0 ,2,0.04, $148.2 , $14.8 ,Medium
FA-2015-2773,24/02/2015,05/03/2015,9,Standard Class,Fashion,T - Shirts, $248.0 ,2,0.05, $143.2 , $14.3 ,Medium
FA-2015-2784,04/01/2015,08/01/2015,4,Standard Class,Fashion,T - Shirts, $248.0 ,5,0.04, $118.4 , $11.8 ,High
FA-2015-2795,14/11/2015,22/11/2015,8,Standard Class,Fashion,T - Shirts, $248.0 ,3,0.05, $130.8 , $13.1 ,Medium
FA-2015-2806,14/04/2015,16/04/2015,2,Standard Class,Fashion,T - Shirts, $248.0 ,4,0.01, $158.1 , $15.8 ,Medium
FA-2015-2817,11/03/2015,18/03/2015,7,Standard Class,Fashion,T - Shirts, $248.0 ,4,0.02, $148.2 , $14.8 ,Medium
FA-2015-2828,07/02/2015,11/02/2015,4,Standard Class,Fashion,T - Shirts, $248.0 ,3,0.01, $160.6 , $16.1 ,High
FA-2015-2839,17/12/2015,24/12/2015,7,Standard Class,Fashion,T - Shirts, $248.0 ,2,0.03, $153.1 , $15.3 ,Medium
FA-2015-2850,03/10/2015,13/10/2015,10,Standard Class,Fashion,T - Shirts, $248.0 ,1,0.04, $158.1 , $15.8 ,Medium
FA-2015-2861,21/11/2015,26/11/2015,5,Standard Class,Fashion,T - Shirts, $248.0 ,3,0.03, $145.7 , $14.6 ,Medium
FA-2015-2872,25/12/2015,03/01/2016,9,Standard Class,Fashion,T - Shirts, $248.0 ,5,0.02, $143.2 , $14.3 ,Medium
FA-2015-2883,31/01/2015,04/02/2015,4,Standard Class,Fashion,T - Shirts, $248.0 ,1,0.02, $163.0 , $16.3 ,Medium
FA-2015-2894,25/09/2015,02/10/2015,7,Standard Class,Fashion,T - Shirts, $248.0 ,5,0.02, $143.2 , $14.3 ,High
FA-2015-2905,20/03/2015,29/03/2015,9,Standard Class,Fashion,T - Shirts, $248.0 ,3,0.04, $138.2 , $13.8 ,High
FA-2015-2916,07/10/2015,09/10/2015,2,Standard Class,Fashion,T - Shirts, $248.0 ,1,0.04, $158.1 , $15.8 ,High
FA-2015-2927,28/10/2015,05/11/2015,8,Standard Class,Fashion,T - Shirts, $248.0 ,2,0.01, $163.0 , $16.3 ,High
FA-2015-2938,05/10/2015,07/10/2015,2,Standard Class,Fashion,T - Shirts, $248.0 ,3,0.02, $153.1 , $15.3 ,Medium
FA-2015-2949,11/06/2015,20/06/2015,9,Standard Class,Fashion,T - Shirts, $248.0 ,4,0.02, $148.2 , $14.8 ,Medium
FA-2015-2960,11/12/2015,20/12/2015,9,Standard Class,Fashion,T - Shirts, $248.0 ,5,0.03, $130.8 , $13.1 ,High
FA-2015-2971,06/08/2015,10/08/2015,4,Standard Class,Fashion,T - Shirts, $248.0 ,1,0.03, $160.6 , $16.1 ,Medium
FA-2015-2982,28/07/2015,05/08/2015,8,Standard Class,Fashion,T - Shirts, $248.0 ,2,0.04, $148.2 , $14.8 ,High
FA-2015-2993,09/10/2015,10/10/2015,1,Standard Class,Fashion,T - Shirts, $248.0 ,4,0.02, $148.2 , $14.8 ,Medium
FA-2015-3004,05/09/2015,14/09/2015,9,Standard Class,Fashion,T - Shirts, $248.0 ,1,0.01, $165.5 , $16.6 ,Medium
FA-2015-3015,01/10/2015,11/10/2015,10,Standard Class,Fashion,T - Shirts, $248.0 ,1,0.05, $155.6 , $15.6 ,High
FA-2015-3026,11/09/2015,14/09/2015,3,Standard Class,Fashion,T - Shirts, $248.0 ,1,0.01, $165.5 , $16.6 ,High
FA-2015-3037,04/06/2015,06/06/2015,2,Standard Class,Fashion,T - Shirts, $248.0 ,5,0.01, $155.6 , $15.6 ,Medium
FA-2015-3048,21/03/2015,26/03/2015,5,Standard Class,Fashion,T - Shirts, $248.0 ,5,0.05, $106.0 , $10.6 ,Medium
FA-2015-3059,11/11/2015,14/11/2015,3,Standard Class,Fashion,T - Shirts, $248.0 ,4,0.04, $128.3 , $12.8 ,Medium
FA-2015-3070,30/07/2015,06/08/2015,7,Standard Class,Fashion,T - Shirts, $248.0 ,4,0.05, $118.4 , $11.8 ,Medium
FA-2015-3081,18/05/2015,19/05/2015,1,Standard Class,Fashion,T - Shirts, $248.0 ,1,0.05, $155.6 , $15.6 ,Medium
FA-2015-3092,06/06/2015,07/06/2015,1,Standard Class,Fashion,T - Shirts, $248.0 ,1,0.01, $165.5 , $16.6 ,Medium
FA-2015-3103,04/01/2015,07/01/2015,3,Standard Class,Fashion,T - Shirts, $248.0 ,3,0.03, $145.7 , $14.6 ,High
FA-2015-3114,08/11/2015,12/11/2015,4,Standard Class,Fashion,T - Shirts, $248.0 ,4,0.01, $158.1 , $15.8 ,Medium
FA-2015-3125,03/11/2015,11/11/2015,8,Standard Class,Fashion,T - Shirts, $248.0 ,3,0.05, $130.8 , $13.1 ,Medium
FA-2015-3136,06/03/2015,11/03/2015,5,Standard Class,Fashion,T - Shirts, $248.0 ,3,0.03, $145.7 , $14.6 ,High
FA-2015-3147,13/05/2015,19/05/2015,6,Standard Class,Fashion,T - Shirts, $248.0 ,1,0.02, $163.0 , $16.3 ,Medium
FA-2015-3158,14/12/2015,18/12/2015,4,Standard Class,Fashion,T - Shirts, $248.0 ,2,0.02, $158.1 , $15.8 ,Medium
FA-2015-3169,23/02/2015,27/02/2015,4,Standard Class,Fashion,T - Shirts, $248.0 ,5,0.05, $106.0 , $10.6 ,Medium
FA-2015-3180,18/12/2015,28/12/2015,10,Standard Class,Fashion,T - Shirts, $248.0 ,2,0.04, $148.2 , $14.8 ,High
FA-2015-3191,29/11/2015,30/11/2015,1,Standard Class,Fashion,T - Shirts, $248.0 ,4,0.04, $128.3 , $12.8 ,Medium
FA-2015-3202,12/10/2015,20/10/2015,8,Standard Class,Fashion,T - Shirts, $248.0 ,5,0.05, $106.0 , $10.6 ,Low
FA-2015-3213,14/10/2015,17/10/2015,3,Standard Class,Fashion,T - Shirts, $248.0 ,1,0.02, $163.0 , $16.3 ,Low
FA-2015-3224,13/03/2015,19/03/2015,6,Standard Class,Fashion,T - Shirts, $248.0 ,4,0.01, $158.1 , $15.8 ,High
FA-2015-3235,13/02/2015,22/02/2015,9,Standard Class,Fashion,T - Shirts, $248.0 ,5,0.05, $106.0 , $10.6 ,High
FA-2015-3246,06/05/2015,14/05/2015,8,Standard Class,Fashion,T - Shirts, $248.0 ,1,0.02, $163.0 , $16.3 ,High
FA-2015-3257,31/03/2015,08/04/2015,8,Standard Class,Fashion,T - Shirts, $248.0 ,1,0.04, $158.1 , $15.8 ,Medium
FA-2015-3268,14/04/2015,23/04/2015,9,Standard Class,Fashion,T - Shirts, $248.0 ,3,0.05, $130.8 , $13.1 ,Medium
FA-2015-3279,22/06/2015,25/06/2015,3,Standard Class,Fashion,T - Shirts, $248.0 ,5,0.05, $106.0 , $10.6 ,High
FA-2015-3290,12/12/2015,14/12/2015,2,Standard Class,Fashion,T - Shirts, $248.0 ,5,0.03, $130.8 , $13.1 ,Medium
FA-2015-3301,17/03/2015,22/03/2015,5,Standard Class,Fashion,T - Shirts, $248.0 ,4,0.04, $128.3 , $12.8 ,Medium
FA-2015-3312,14/08/2015,15/08/2015,1,Standard Class,Fashion,T - Shirts, $248.0 ,2,0.03, $153.1 , $15.3 ,High
FA-2015-3323,23/10/2015,31/10/2015,8,Standard Class,Fashion,T - Shirts, $248.0 ,3,0.05, $130.8 , $13.1 ,Medium
FA-2015-3334,04/09/2015,06/09/2015,2,Standard Class,Fashion,T - Shirts, $248.0 ,1,0.02, $163.0 , $16.3 ,Medium
FA-2015-3345,17/09/2015,21/09/2015,4,Standard Class,Fashion,T - Shirts, $248.0 ,2,0.02, $158.1 , $15.8 ,Medium
FA-2015-3356,01/03/2015,08/03/2015,7,Standard Class,Fashion,T - Shirts, $248.0 ,2,0.02, $158.1 , $15.8 ,Medium
FA-2015-3367,26/07/2015,04/08/2015,9,Standard Class,Fashion,T - Shirts, $248.0 ,5,0.01, $155.6 , $15.6 ,Medium
FA-2015-3378,09/01/2015,15/01/2015,6,Standard Class,Fashion,T - Shirts, $248.0 ,5,0.02, $143.2 , $14.3 ,High
FA-2015-3389,12/10/2015,17/10/2015,5,Standard Class,Fashion,T - Shirts, $248.0 ,4,0.05, $118.4 , $11.8 ,High
FA-2015-3400,19/04/2015,27/04/2015,8,Standard Class,Fashion,T - Shirts, $248.0 ,2,0.02, $158.1 , $15.8 ,High
FA-2015-3411,04/08/2015,14/08/2015,10,Standard Class,Fashion,T - Shirts, $248.0 ,2,0.02, $158.1 , $15.8 ,High
FA-2015-3422,21/11/2015,28/11/2015,7,Standard Class,Fashion,T - Shirts, $248.0 ,2,0.04, $148.2 , $14.8 ,Medium
FA-2015-3433,08/07/2015,13/07/2015,5,Standard Class,Fashion,T - Shirts, $248.0 ,2,0.01, $163.0 , $16.3 ,Medium
FA-2015-3444,12/07/2015,21/07/2015,9,Standard Class,Fashion,T - Shirts, $248.0 ,3,0.05, $130.8 , $13.1 ,Medium
FA-2015-3455,13/02/2015,18/02/2015,5,Standard Class,Fashion,T - Shirts, $248.0 ,4,0.01, $158.1 , $15.8 ,Medium
FA-2015-3466,07/08/2015,10/08/2015,3,Standard Class,Fashion,T - Shirts, $248.0 ,5,0.03, $130.8 , $13.1 ,Medium
FA-2015-3477,27/11/2015,06/12/2015,9,Standard Class,Fashion,T - Shirts, $248.0 ,5,0.05, $106.0 , $10.6 ,Medium
FA-2015-3488,21/07/2015,28/07/2015,7,Standard Class,Fashion,T - Shirts, $248.0 ,2,0.01, $163.0 , $16.3 ,High
FA-2015-3499,14/04/2015,17/04/2015,3,Standard Class,Fashion,T - Shirts, $248.0 ,5,0.03, $130.8 , $13.1 ,Medium
FA-2015-3510,11/03/2015,15/03/2015,4,Standard Class,Fashion,T - Shirts, $248.0 ,4,0.03, $138.2 , $13.8 ,High
FA-2015-3521,27/01/2015,30/01/2015,3,Standard Class,Fashion,T - Shirts, $248.0 ,4,0.04, $128.3 , $12.8 ,High
FA-2015-3532,27/01/2015,31/01/2015,4,Standard Class,Fashion,T - Shirts, $248.0 ,5,0.03, $130.8 , $13.1 ,High
FA-2015-3543,21/01/2015,29/01/2015,8,Standard Class,Fashion,T - Shirts, $248.0 ,2,0.05, $143.2 , $14.3 ,Medium
FA-2015-3554,12/03/2015,19/03/2015,7,Standard Class,Fashion,T - Shirts, $248.0 ,1,0.05, $155.6 , $15.6 ,Medium
FA-2015-3565,14/12/2015,16/12/2015,2,Standard Class,Fashion,T - Shirts, $248.0 ,2,0.04, $148.2 , $14.8 ,Medium
FA-2015-3576,07/11/2015,12/11/2015,5,Standard Class,Fashion,T - Shirts, $248.0 ,3,0.01, $160.6 , $16.1 ,Medium
FA-2015-3587,01/04/2015,05/04/2015,4,Standard Class,Fashion,T - Shirts, $248.0 ,1,0.02, $163.0 , $16.3 ,Medium
FA-2015-3598,14/06/2015,22/06/2015,8,Standard Class,Fashion,T - Shirts, $248.0 ,1,0.03, $160.6 , $16.1 ,High
FA-2015-3609,04/08/2015,05/08/2015,1,Standard Class,Fashion,T - Shirts, $248.0 ,5,0.05, $106.0 , $10.6 ,Medium
FA-2015-3620,14/02/2015,17/02/2015,3,Standard Class,Fashion,T - Shirts, $248.0 ,3,0.03, $145.7 , $14.6 ,High
FA-2015-3631,24/12/2015,03/01/2016,10,Standard Class,Fashion,T - Shirts, $248.0 ,4,0.05, $118.4 , $11.8 ,Medium
FA-2015-3642,15/08/2015,19/08/2015,4,Standard Class,Fashion,T - Shirts, $248.0 ,1,0.02, $163.0 , $16.3 ,High
FA-2015-3653,09/11/2015,18/11/2015,9,Standard Class,Fashion,T - Shirts, $248.0 ,3,0.02, $153.1 , $15.3 ,High
FA-2015-3664,20/01/2015,26/01/2015,6,Standard Class,Fashion,T - Shirts, $248.0 ,4,0.02, $148.2 , $14.8 ,Medium
FA-2015-3675,03/03/2015,13/03/2015,10,Standard Class,Fashion,T - Shirts, $248.0 ,5,0.02, $143.2 , $14.3 ,Low
FA-2015-3686,31/03/2015,09/04/2015,9,Standard Class,Fashion,T - Shirts, $248.0 ,1,0.02, $163.0 , $16.3 ,Medium
FA-2015-3697,09/09/2015,13/09/2015,4,Standard Class,Fashion,T - Shirts, $248.0 ,4,0.03, $138.2 , $13.8 ,Medium
FA-2015-3708,10/09/2015,13/09/2015,3,Standard Class,Fashion,T - Shirts, $248.0 ,2,0.01, $163.0 , $16.3 ,High
FA-2015-3719,13/01/2015,14/01/2015,1,Standard Class,Fashion,T - Shirts, $248.0 ,5,0.05, $106.0 , $10.6 ,Low
FA-2015-3730,04/07/2015,06/07/2015,2,Standard Class,Fashion,T - Shirts, $248.0 ,5,0.02, $143.2 , $14.3 ,Medium
FA-2015-3741,16/07/2015,18/07/2015,2,Standard Class,Fashion,T - Shirts, $248.0 ,5,0.02, $143.2 , $14.3 ,Medium
FA-2015-3752,06/12/2015,08/12/2015,2,Standard Class,Fashion,T - Shirts, $248.0 ,4,0.04, $128.3 , $12.8 ,Medium
FA-2015-3763,12/08/2015,16/08/2015,4,Standard Class,Fashion,T - Shirts, $248.0 ,5,0.04, $118.4 , $11.8 ,Medium
FA-2015-3774,22/07/2015,29/07/2015,7,Standard Class,Fashion,T - Shirts, $248.0 ,3,0.03, $145.7 , $14.6 ,Medium
FA-2015-3785,18/09/2015,25/09/2015,7,Standard Class,Fashion,T - Shirts, $248.0 ,4,0.03, $138.2 , $13.8 ,Medium
FA-2015-3796,18/04/2015,23/04/2015,5,Standard Class,Fashion,T - Shirts, $248.0 ,2,0.05, $143.2 , $14.3 ,High
FA-2015-3807,10/08/2015,12/08/2015,2,Standard Class,Fashion,T - Shirts, $248.0 ,2,0.04, $148.2 , $14.8 ,Medium
FA-2015-3818,12/02/2015,16/02/2015,4,Standard Class,Fashion,T - Shirts, $248.0 ,1,0.01, $165.5 , $16.6 ,High
FA-2015-3829,09/03/2015,15/03/2015,6,Standard Class,Fashion,T - Shirts, $248.0 ,4,0.01, $158.1 , $15.8 ,High
FA-2015-3840,15/04/2015,21/04/2015,6,Standard Class,Fashion,T - Shirts, $248.0 ,1,0.05, $155.6 , $15.6 ,High
FA-2015-3851,19/03/2015,29/03/2015,10,Standard Class,Fashion,T - Shirts, $248.0 ,4,0.02, $148.2 , $14.8 ,High
FA-2015-3862,25/06/2015,28/06/2015,3,Standard Class,Fashion,T - Shirts, $248.0 ,5,0.04, $118.4 , $11.8 ,Medium
FA-2015-3873,06/02/2015,12/02/2015,6,Standard Class,Fashion,T - Shirts, $248.0 ,4,0.01, $158.1 , $15.8 ,High
FA-2015-3884,23/06/2015,29/06/2015,6,Standard Class,Fashion,T - Shirts, $248.0 ,3,0.02, $153.1 , $15.3 ,High
FA-2015-3895,16/10/2015,18/10/2015,2,Standard Class,Fashion,T - Shirts, $248.0 ,2,0.05, $143.2 , $14.3 ,Low
FA-2015-3906,13/06/2015,23/06/2015,10,Standard Class,Fashion,T - Shirts, $248.0 ,3,0.03, $145.7 , $14.6 ,Medium
FA-2015-3917,18/07/2015,28/07/2015,10,Standard Class,Fashion,T - Shirts, $248.0 ,2,0.04, $148.2 , $14.8 ,Medium
FA-2015-3928,14/03/2015,22/03/2015,8,Standard Class,Fashion,T - Shirts, $248.0 ,4,0.02, $148.2 , $14.8 ,Medium
FA-2015-3939,22/10/2015,26/10/2015,4,Standard Class,Fashion,T - Shirts, $248.0 ,2,0.01, $163.0 , $16.3 ,Medium
FA-2015-3950,26/11/2015,29/11/2015,3,Standard Class,Fashion,T - Shirts, $248.0 ,5,0.05, $106.0 , $10.6 ,Medium
FA-2015-3961,01/05/2015,05/05/2015,4,Standard Class,Fashion,T - Shirts, $248.0 ,4,0.02, $148.2 , $14.8 ,Medium
FA-2015-3972,16/07/2015,24/07/2015,8,Standard Class,Fashion,T - Shirts, $248.0 ,2,0.03, $153.1 , $15.3 ,Medium
FA-2015-3983,23/04/2015,28/04/2015,5,Standard Class,Fashion,T - Shirts, $248.0 ,2,0.01, $163.0 , $16.3 ,Medium
FA-2015-3994,10/06/2015,12/06/2015,2,Standard Class,Fashion,T - Shirts, $248.0 ,4,0.01, $158.1 , $15.8 ,Medium
FA-2015-4005,30/11/2015,10/12/2015,10,Standard Class,Fashion,T - Shirts, $248.0 ,1,0.03, $160.6 , $16.1 ,High
FA-2015-4016,21/05/2015,31/05/2015,10,Standard Class,Fashion,T - Shirts, $248.0 ,1,0.01, $165.5 , $16.6 ,Medium
FA-2015-4027,01/10/2015,02/10/2015,1,Standard Class,Fashion,T - Shirts, $248.0 ,4,0.04, $128.3 , $12.8 ,Medium
FA-2015-4038,31/05/2015,08/06/2015,8,Standard Class,Fashion,T - Shirts, $248.0 ,3,0.03, $145.7 , $14.6 ,Low
FA-2015-4049,22/09/2015,02/10/2015,10,Standard Class,Fashion,T - Shirts, $248.0 ,2,0.01, $163.0 , $16.3 ,Medium
FA-2015-4060,06/09/2015,16/09/2015,10,Standard Class,Fashion,T - Shirts, $248.0 ,3,0.02, $153.1 , $15.3 ,Medium
FA-2015-4071,03/10/2015,11/10/2015,8,Standard Class,Fashion,T - Shirts, $248.0 ,1,0.03, $160.6 , $16.1 ,High
FA-2015-4082,03/04/2015,07/04/2015,4,Standard Class,Fashion,T - Shirts, $248.0 ,4,0.04, $128.3 , $12.8 ,Medium
FA-2015-4093,24/09/2015,03/10/2015,9,Standard Class,Fashion,T - Shirts, $248.0 ,2,0.01, $163.0 , $16.3 ,High
FA-2015-4104,29/08/2015,30/08/2015,1,Standard Class,Fashion,T - Shirts, $248.0 ,5,0.04, $118.4 , $11.8 ,High
FA-2015-4115,26/09/2015,02/10/2015,6,Standard Class,Fashion,T - Shirts, $248.0 ,2,0.02, $158.1 , $15.8 ,Medium
FA-2015-4126,17/01/2015,19/01/2015,2,Standard Class,Fashion,T - Shirts, $248.0 ,5,0.01, $155.6 , $15.6 ,Medium
FA-2015-4137,08/08/2015,13/08/2015,5,Standard Class,Fashion,T - Shirts, $248.0 ,2,0.01, $163.0 , $16.3 ,High
FA-2015-4148,28/01/2015,30/01/2015,2,Standard Class,Fashion,T - Shirts, $248.0 ,1,0.02, $163.0 , $16.3 ,Medium
FA-2015-4159,11/07/2015,18/07/2015,7,Standard Class,Fashion,T - Shirts, $248.0 ,4,0.03, $138.2 , $13.8 ,Medium
FA-2015-4170,01/06/2015,07/06/2015,6,Standard Class,Fashion,T - Shirts, $248.0 ,1,0.05, $155.6 , $15.6 ,Low
FA-2015-4181,09/12/2015,13/12/2015,4,Standard Class,Fashion,T - Shirts, $248.0 ,2,0.02, $158.1 , $15.8 ,High
FA-2015-4192,16/12/2015,25/12/2015,9,Standard Class,Fashion,T - Shirts, $248.0 ,1,0.03, $160.6 , $16.1 ,Medium
FA-2015-4203,31/05/2015,09/06/2015,9,Standard Class,Fashion,T - Shirts, $248.0 ,2,0.05, $143.2 , $14.3 ,Medium
FA-2015-4214,27/08/2015,02/09/2015,6,Standard Class,Fashion,T - Shirts, $248.0 ,5,0.02, $143.2 , $14.3 ,Medium
FA-2015-4225,11/10/2015,12/10/2015,1,Standard Class,Fashion,T - Shirts, $248.0 ,1,0.04, $158.1 , $15.8 ,High
FA-2015-4236,11/05/2015,20/05/2015,9,Standard Class,Fashion,T - Shirts, $248.0 ,1,0.04, $158.1 , $15.8 ,High
FA-2015-4247,15/04/2015,23/04/2015,8,Standard Class,Fashion,T - Shirts, $248.0 ,1,0.02, $163.0 , $16.3 ,Low
FA-2015-4258,13/03/2015,23/03/2015,10,Standard Class,Fashion,T - Shirts, $248.0 ,5,0.02, $143.2 , $14.3 ,Medium
FA-2015-4269,07/12/2015,08/12/2015,1,Standard Class,Fashion,T - Shirts, $248.0 ,4,0.01, $158.1 , $15.8 ,High
FA-2015-4280,16/11/2015,21/11/2015,5,Standard Class,Fashion,T - Shirts, $248.0 ,4,0.01, $158.1 , $15.8 ,Medium
FA-2015-4291,08/02/2015,10/02/2015,2,Standard Class,Fashion,T - Shirts, $248.0 ,4,0.03, $138.2 , $13.8 ,Low
FA-2015-4302,26/02/2015,28/02/2015,2,Standard Class,Fashion,T - Shirts, $248.0 ,3,0.01, $160.6 , $16.1 ,Medium
FA-2015-4313,30/12/2015,07/01/2016,8,Standard Class,Fashion,T - Shirts, $248.0 ,1,0.03, $160.6 , $16.1 ,High
FA-2015-4324,17/07/2015,18/07/2015,1,Standard Class,Fashion,T - Shirts, $248.0 ,3,0.05, $130.8 , $13.1 ,Low
FA-2015-4335,21/06/2015,23/06/2015,2,Standard Class,Fashion,T - Shirts, $248.0 ,4,0.02, $148.2 , $14.8 ,High
FA-2015-4346,01/08/2015,11/08/2015,10,Standard Class,Fashion,T - Shirts, $248.0 ,3,0.01, $160.6 , $16.1 ,Low
FA-2015-4357,07/05/2015,17/05/2015,10,Standard Class,Fashion,T - Shirts, $248.0 ,4,0.01, $158.1 , $15.8 ,Low
FA-2015-4368,10/02/2015,15/02/2015,5,Standard Class,Fashion,T - Shirts, $248.0 ,3,0.04, $138.2 , $13.8 ,High
FA-2015-4379,07/07/2015,14/07/2015,7,Standard Class,Fashion,T - Shirts, $248.0 ,4,0.02, $148.2 , $14.8 ,Medium
FA-2015-4390,12/06/2015,20/06/2015,8,Standard Class,Fashion,T - Shirts, $248.0 ,1,0.01, $165.5 , $16.6 ,Medium
FA-2015-4401,13/06/2015,22/06/2015,9,Standard Class,Fashion,T - Shirts, $248.0 ,2,0.02, $158.1 , $15.8 ,Medium
FA-2015-4412,20/09/2015,22/09/2015,2,Standard Class,Fashion,T - Shirts, $248.0 ,4,0.05, $118.4 , $11.8 ,High
FA-2015-4423,03/06/2015,04/06/2015,1,Standard Class,Fashion,T - Shirts, $248.0 ,2,0.05, $143.2 , $14.3 ,High
FA-2015-4434,10/09/2015,11/09/2015,1,Standard Class,Fashion,T - Shirts, $248.0 ,1,0.03, $160.6 , $16.1 ,Medium
FA-2015-4445,25/02/2015,03/03/2015,6,Standard Class,Fashion,T - Shirts, $248.0 ,2,0.03, $153.1 , $15.3 ,High
FA-2015-4456,22/07/2015,27/07/2015,5,Standard Class,Fashion,T - Shirts, $248.0 ,1,0.03, $160.6 , $16.1 ,High
FA-2015-4467,19/08/2015,21/08/2015,2,Standard Class,Fashion,T - Shirts, $248.0 ,5,0.01, $155.6 , $15.6 ,Medium
FA-2015-4478,04/02/2015,10/02/2015,6,Standard Class,Fashion,T - Shirts, $248.0 ,3,0.03, $145.7 , $14.6 ,Medium
FA-2015-4489,17/05/2015,23/05/2015,6,Standard Class,Fashion,T - Shirts, $248.0 ,4,0.05, $118.4 , $11.8 ,Medium
FA-2015-4500,10/03/2015,20/03/2015,10,Standard Class,Fashion,T - Shirts, $248.0 ,1,0.03, $160.6 , $16.1 ,High
FA-2015-4511,19/11/2015,21/11/2015,2,Standard Class,Fashion,T - Shirts, $248.0 ,3,0.02, $153.1 , $15.3 ,Medium
FA-2015-4522,19/08/2015,25/08/2015,6,Standard Class,Fashion,T - Shirts, $248.0 ,2,0.05, $143.2 , $14.3 ,High
FA-2015-4533,16/02/2015,25/02/2015,9,Standard Class,Fashion,T - Shirts, $248.0 ,2,0.04, $148.2 , $14.8 ,High
FA-2015-4544,22/06/2015,24/06/2015,2,Standard Class,Fashion,T - Shirts, $248.0 ,4,0.04, $128.3 , $12.8 ,Medium
FA-2015-4555,02/10/2015,05/10/2015,3,Standard Class,Fashion,T - Shirts, $248.0 ,2,0.03, $153.1 , $15.3 ,Low
FA-2015-4566,26/08/2015,03/09/2015,8,Standard Class,Fashion,T - Shirts, $248.0 ,2,0.04, $148.2 , $14.8 ,High
FA-2015-4577,12/01/2015,22/01/2015,10,Standard Class,Fashion,T - Shirts, $248.0 ,2,0.04, $148.2 , $14.8 ,Medium
FA-2015-4588,28/12/2015,29/12/2015,1,Standard Class,Fashion,T - Shirts, $248.0 ,5,0.03, $130.8 , $13.1 ,High
FA-2015-4599,18/02/2015,21/02/2015,3,Standard Class,Fashion,T - Shirts, $248.0 ,1,0.03, $160.6 , $16.1 ,Medium
FA-2015-4610,30/05/2015,02/06/2015,3,Standard Class,Fashion,T - Shirts, $248.0 ,4,0.04, $128.3 , $12.8 ,Medium
FA-2015-4621,31/07/2015,08/08/2015,8,Standard Class,Fashion,T - Shirts, $248.0 ,2,0.03, $153.1 , $15.3 ,Medium
FA-2015-4632,09/04/2015,14/04/2015,5,Standard Class,Fashion,T - Shirts, $248.0 ,4,0.04, $128.3 , $12.8 ,Medium
FA-2015-4643,29/07/2015,30/07/2015,1,Standard Class,Fashion,T - Shirts, $248.0 ,4,0.01, $158.1 , $15.8 ,High
FA-2015-4654,28/01/2015,07/02/2015,10,Standard Class,Fashion,T - Shirts, $248.0 ,3,0.05, $130.8 , $13.1 ,Medium
FA-2015-4665,08/07/2015,14/07/2015,6,Standard Class,Fashion,T - Shirts, $248.0 ,3,0.02, $153.1 , $15.3 ,Medium
FA-2015-4676,15/07/2015,18/07/2015,3,Standard Class,Fashion,T - Shirts, $248.0 ,5,0.05, $106.0 , $10.6 ,High
FA-2015-4687,08/09/2015,15/09/2015,7,Standard Class,Fashion,T - Shirts, $248.0 ,1,0.03, $160.6 , $16.1 ,High
FA-2015-4698,18/01/2015,26/01/2015,8,Standard Class,Fashion,T - Shirts, $248.0 ,5,0.02, $143.2 , $14.3 ,Medium
FA-2015-4709,26/04/2015,29/04/2015,3,Standard Class,Fashion,T - Shirts, $248.0 ,5,0.01, $155.6 , $15.6 ,Medium
FA-2015-4720,22/09/2015,01/10/2015,9,Standard Class,Fashion,T - Shirts, $248.0 ,5,0.03, $130.8 , $13.1 ,High
FA-2015-4731,23/03/2015,28/03/2015,5,Standard Class,Fashion,T - Shirts, $248.0 ,1,0.05, $155.6 , $15.6 ,High
FA-2015-4742,06/07/2015,13/07/2015,7,Standard Class,Fashion,T - Shirts, $248.0 ,3,0.03, $145.7 , $14.6 ,Medium
FA-2015-4753,21/03/2015,27/03/2015,6,Standard Class,Fashion,T - Shirts, $248.0 ,3,0.01, $160.6 , $16.1 ,Medium
FA-2015-4764,16/07/2015,17/07/2015,1,Standard Class,Fashion,T - Shirts, $248.0 ,2,0.01, $163.0 , $16.3 ,Medium
FA-2015-4775,05/09/2015,15/09/2015,10,Standard Class,Fashion,T - Shirts, $248.0 ,2,0.03, $153.1 , $15.3 ,High
FA-2015-4786,10/09/2015,11/09/2015,1,Standard Class,Fashion,T - Shirts, $248.0 ,4,0.05, $118.4 , $11.8 ,Medium
FA-2015-4797,20/07/2015,30/07/2015,10,Standard Class,Fashion,T - Shirts, $248.0 ,4,0.02, $148.2 , $14.8 ,Medium
FA-2015-4808,10/12/2015,14/12/2015,4,Standard Class,Fashion,T - Shirts, $248.0 ,3,0.02, $153.1 , $15.3 ,High
FA-2015-4819,15/04/2015,22/04/2015,7,Standard Class,Fashion,T - Shirts, $248.0 ,2,0.04, $148.2 , $14.8 ,High
FA-2015-4830,28/11/2015,02/12/2015,4,Standard Class,Fashion,T - Shirts, $248.0 ,5,0.02, $143.2 , $14.3 ,High
FA-2015-4841,23/08/2015,29/08/2015,6,Standard Class,Fashion,T - Shirts, $248.0 ,1,0.02, $163.0 , $16.3 ,Medium
FA-2015-4852,14/06/2015,16/06/2015,2,Standard Class,Fashion,T - Shirts, $248.0 ,4,0.03, $138.2 , $13.8 ,Medium
FA-2015-4863,05/02/2015,11/02/2015,6,Standard Class,Fashion,T - Shirts, $248.0 ,4,0.04, $128.3 , $12.8 ,High
FA-2015-4874,01/04/2015,11/04/2015,10,Standard Class,Fashion,T - Shirts, $248.0 ,2,0.05, $143.2 , $14.3 ,Medium
FA-2015-4885,29/01/2015,06/02/2015,8,Standard Class,Fashion,T - Shirts, $248.0 ,5,0.04, $118.4 , $11.8 ,Medium
FA-2015-4896,19/09/2015,21/09/2015,2,Standard Class,Fashion,T - Shirts, $248.0 ,1,0.02, $163.0 , $16.3 ,Low
FA-2015-4907,23/06/2015,02/07/2015,9,Standard Class,Fashion,T - Shirts, $248.0 ,4,0.01, $158.1 , $15.8 ,High
FA-2015-4918,26/06/2015,05/07/2015,9,Standard Class,Fashion,T - Shirts, $248.0 ,4,0.01, $158.1 , $15.8 ,Medium
FA-2015-4929,09/10/2015,16/10/2015,7,Standard Class,Fashion,T - Shirts, $248.0 ,2,0.01, $163.0 , $16.3 ,Medium
FA-2015-4940,29/08/2015,07/09/2015,9,Standard Class,Fashion,T - Shirts, $248.0 ,1,0.03, $160.6 , $16.1 ,High
FA-2015-4951,31/10/2015,08/11/2015,8,Standard Class,Fashion,T - Shirts, $248.0 ,2,0.04, $148.2 , $14.8 ,Low
FA-2015-4962,24/04/2015,25/04/2015,1,Standard Class,Fashion,T - Shirts, $248.0 ,3,0.01, $160.6 , $16.1 ,High
FA-2015-4973,07/01/2015,13/01/2015,6,Standard Class,Fashion,T - Shirts, $248.0 ,3,0.05, $130.8 , $13.1 ,High
FA-2015-4984,15/04/2015,18/04/2015,3,Standard Class,Fashion,T - Shirts, $248.0 ,3,0.02, $153.1 , $15.3 ,Medium
FA-2015-4995,28/02/2015,05/03/2015,5,Standard Class,Fashion,T - Shirts, $248.0 ,1,0.02, $163.0 , $16.3 ,Medium
FA-2015-5006,03/12/2015,04/12/2015,1,Standard Class,Fashion,T - Shirts, $248.0 ,4,0.02, $148.2 , $14.8 ,Medium
FA-2015-5017,21/02/2015,28/02/2015,7,Standard Class,Fashion,T - Shirts, $248.0 ,2,0.05, $143.2 , $14.3 ,Medium
FA-2015-5028,15/11/2015,19/11/2015,4,Standard Class,Fashion,T - Shirts, $248.0 ,1,0.03, $160.6 , $16.1 ,High
FA-2015-5039,05/02/2015,10/02/2015,5,Standard Class,Fashion,T - Shirts, $248.0 ,5,0.03, $130.8 , $13.1 ,Medium
FA-2015-5050,23/07/2015,27/07/2015,4,Standard Class,Fashion,T - Shirts, $248.0 ,3,0.03, $145.7 , $14.6 ,Medium
FA-2015-5061,24/06/2015,02/07/2015,8,Standard Class,Fashion,T - Shirts, $248.0 ,1,0.05, $155.6 , $15.6 ,Medium
FA-2015-5072,22/03/2015,31/03/2015,9,Standard Class,Fashion,T - Shirts, $248.0 ,4,0.05, $118.4 , $11.8 ,High
FA-2015-5083,19/08/2015,29/08/2015,10,Standard Class,Fashion,T - Shirts, $248.0 ,2,0.02, $158.1 , $15.8 ,Medium
FA-2015-5094,01/02/2015,02/02/2015,1,Standard Class,Fashion,T - Shirts, $248.0 ,3,0.04, $138.2 , $13.8 ,Low
FA-2015-5105,13/06/2015,14/06/2015,1,Standard Class,Fashion,T - Shirts, $248.0 ,3,0.01, $160.6 , $16.1 ,High
FA-2015-5116,17/08/2015,22/08/2015,5,Standard Class,Fashion,T - Shirts, $248.0 ,4,0.01, $158.1 , $15.8 ,High
FA-2015-5127,20/11/2015,29/11/2015,9,Standard Class,Fashion,T - Shirts, $248.0 ,4,0.02, $148.2 , $14.8 ,Medium
FA-2015-5138,03/02/2015,13/02/2015,10,Standard Class,Fashion,T - Shirts, $248.0 ,4,0.01, $158.1 , $15.8 ,Medium
FA-2015-5149,05/03/2015,06/03/2015,1,Standard Class,Fashion,T - Shirts, $248.0 ,4,0.04, $128.3 , $12.8 ,Medium
FA-2015-5160,09/08/2015,19/08/2015,10,Standard Class,Fashion,T - Shirts, $248.0 ,4,0.04, $128.3 , $12.8 ,Medium
FA-2015-5171,27/02/2015,28/02/2015,1,Standard Class,Fashion,T - Shirts, $248.0 ,5,0.01, $155.6 , $15.6 ,Medium
FA-2015-5182,16/04/2015,25/04/2015,9,Standard Class,Fashion,T - Shirts, $248.0 ,3,0.01, $160.6 , $16.1 ,Medium
FA-2015-5193,18/04/2015,26/04/2015,8,Standard Class,Fashion,T - Shirts, $248.0 ,5,0.02, $143.2 , $14.3 ,Medium
FA-2015-5204,22/05/2015,24/05/2015,2,Standard Class,Fashion,T - Shirts, $248.0 ,1,0.05, $155.6 , $15.6 ,Medium
FA-2015-5215,27/02/2015,04/03/2015,5,Standard Class,Fashion,T - Shirts, $248.0 ,3,0.03, $145.7 , $14.6 ,High
FA-2015-5226,06/05/2015,09/05/2015,3,Standard Class,Fashion,T - Shirts, $248.0 ,3,0.01, $160.6 , $16.1 ,Medium
FA-2015-5237,23/04/2015,01/05/2015,8,Standard Class,Fashion,T - Shirts, $248.0 ,4,0.01, $158.1 , $15.8 ,Low
FA-2015-5248,11/10/2015,17/10/2015,6,Standard Class,Fashion,T - Shirts, $248.0 ,5,0.05, $106.0 , $10.6 ,Medium
FA-2015-5259,25/03/2015,26/03/2015,1,Standard Class,Fashion,T - Shirts, $248.0 ,1,0.01, $165.5 , $16.6 ,Medium
FA-2015-5270,14/11/2015,20/11/2015,6,Standard Class,Fashion,T - Shirts, $248.0 ,3,0.05, $130.8 , $13.1 ,High
FA-2015-5281,17/11/2015,20/11/2015,3,Standard Class,Fashion,T - Shirts, $248.0 ,5,0.02, $143.2 , $14.3 ,High
FA-2015-5292,03/01/2015,10/01/2015,7,Standard Class,Fashion,T - Shirts, $248.0 ,5,0.01, $155.6 , $15.6 ,High
FA-2015-5303,14/01/2015,15/01/2015,1,Standard Class,Fashion,T - Shirts, $248.0 ,3,0.02, $153.1 , $15.3 ,Medium
FA-2015-5314,02/01/2015,12/01/2015,10,Standard Class,Fashion,T - Shirts, $248.0 ,3,0.03, $145.7 , $14.6 ,Medium
FA-2015-5325,19/05/2015,24/05/2015,5,Standard Class,Fashion,T - Shirts, $248.0 ,4,0.03, $138.2 , $13.8 ,Medium
FA-2015-5336,23/09/2015,25/09/2015,2,Standard Class,Fashion,T - Shirts, $248.0 ,5,0.03, $130.8 , $13.1 ,Low
FA-2015-5347,02/05/2015,12/05/2015,10,Standard Class,Fashion,T - Shirts, $248.0 ,3,0.05, $130.8 , $13.1 ,Medium
FA-2015-5358,30/01/2015,03/02/2015,4,Standard Class,Fashion,T - Shirts, $248.0 ,5,0.02, $143.2 , $14.3 ,Medium
FA-2015-5369,25/02/2015,26/02/2015,1,Standard Class,Fashion,T - Shirts, $248.0 ,1,0.05, $155.6 , $15.6 ,Medium
FA-2015-5380,04/01/2015,11/01/2015,7,Standard Class,Fashion,T - Shirts, $248.0 ,4,0.02, $148.2 , $14.8 ,Medium
FA-2015-5391,07/12/2015,16/12/2015,9,Standard Class,Fashion,T - Shirts, $248.0 ,4,0.01, $158.1 , $15.8 ,Medium
FA-2015-5402,24/07/2015,03/08/2015,10,Standard Class,Fashion,T - Shirts, $248.0 ,4,0.02, $148.2 , $14.8 ,High
FA-2015-5413,11/06/2015,19/06/2015,8,Standard Class,Fashion,T - Shirts, $248.0 ,3,0.01, $160.6 , $16.1 ,Medium
FA-2015-5424,30/07/2015,31/07/2015,1,Standard Class,Fashion,T - Shirts, $248.0 ,4,0.05, $118.4 , $11.8 ,Medium
FA-2015-5435,22/08/2015,23/08/2015,1,Standard Class,Fashion,T - Shirts, $248.0 ,1,0.04, $158.1 , $15.8 ,Medium
FA-2015-5446,26/11/2015,02/12/2015,6,Standard Class,Fashion,T - Shirts, $248.0 ,5,0.01, $155.6 , $15.6 ,High
FA-2015-5457,14/10/2015,19/10/2015,5,Standard Class,Fashion,T - Shirts, $248.0 ,5,0.03, $130.8 , $13.1 ,Medium
FA-2015-5468,26/01/2015,03/02/2015,8,Standard Class,Fashion,T - Shirts, $248.0 ,1,0.03, $160.6 , $16.1 ,Medium
FA-2015-5479,26/10/2015,27/10/2015,1,Standard Class,Fashion,T - Shirts, $248.0 ,3,0.02, $153.1 , $15.3 ,Medium
FA-2015-5490,15/06/2015,25/06/2015,10,Standard Class,Fashion,T - Shirts, $248.0 ,1,0.04, $158.1 , $15.8 ,High
FA-2015-5501,08/06/2015,18/06/2015,10,Standard Class,Fashion,T - Shirts, $248.0 ,5,0.01, $155.6 , $15.6 ,Medium
FA-2015-5512,02/11/2015,03/11/2015,1,Standard Class,Fashion,T - Shirts, $248.0 ,2,0.05, $143.2 , $14.3 ,Low
FA-2015-5523,23/08/2015,29/08/2015,6,Standard Class,Fashion,T - Shirts, $248.0 ,5,0.02, $143.2 , $14.3 ,Medium
FA-2015-5534,02/01/2015,11/01/2015,9,Standard Class,Fashion,T - Shirts, $248.0 ,3,0.03, $145.7 , $14.6 ,Medium
FA-2015-5545,09/08/2015,19/08/2015,10,Standard Class,Fashion,T - Shirts, $248.0 ,1,0.04, $158.1 , $15.8 ,Medium
FA-2015-5556,09/03/2015,11/03/2015,2,Standard Class,Fashion,T - Shirts, $248.0 ,1,0.05, $155.6 , $15.6 ,High
FA-2015-5567,11/10/2015,13/10/2015,2,Standard Class,Fashion,T - Shirts, $248.0 ,3,0.05, $130.8 , $13.1 ,Medium
FA-2015-5578,21/01/2015,28/01/2015,7,Standard Class,Fashion,T - Shirts, $248.0 ,2,0.05, $143.2 , $14.3 ,Medium
FA-2015-5589,21/01/2015,27/01/2015,6,Standard Class,Fashion,T - Shirts, $248.0 ,2,0.04, $148.2 , $14.8 ,Medium
FA-2015-5600,14/08/2015,20/08/2015,6,Standard Class,Fashion,T - Shirts, $248.0 ,2,0.01, $163.0 , $16.3 ,Low
FA-2015-5611,22/08/2015,28/08/2015,6,Standard Class,Fashion,T - Shirts, $248.0 ,3,0.05, $130.8 , $13.1 ,Medium
FA-2015-5622,16/05/2015,23/05/2015,7,Standard Class,Fashion,T - Shirts, $248.0 ,2,0.01, $163.0 , $16.3 ,High
FA-2015-5633,08/06/2015,16/06/2015,8,Standard Class,Fashion,T - Shirts, $248.0 ,3,0.05, $130.8 , $13.1 ,Low
FA-2015-5644,31/05/2015,06/06/2015,6,Standard Class,Fashion,T - Shirts, $248.0 ,2,0.03, $153.1 , $15.3 ,Medium
FA-2015-5655,13/05/2015,22/05/2015,9,Standard Class,Fashion,T - Shirts, $248.0 ,3,0.04, $138.2 , $13.8 ,Medium
FA-2015-5666,21/10/2015,23/10/2015,2,Standard Class,Fashion,T - Shirts, $248.0 ,3,0.04, $138.2 , $13.8 ,Medium
FA-2015-5677,11/03/2015,20/03/2015,9,Standard Class,Fashion,T - Shirts, $248.0 ,4,0.04, $128.3 , $12.8 ,High
FA-2015-5688,09/05/2015,17/05/2015,8,Standard Class,Fashion,T - Shirts, $248.0 ,2,0.05, $143.2 , $14.3 ,Medium
FA-2015-5699,10/05/2015,11/05/2015,1,Standard Class,Fashion,T - Shirts, $248.0 ,2,0.01, $163.0 , $16.3 ,Medium
FA-2015-5710,11/12/2015,21/12/2015,10,Standard Class,Fashion,T - Shirts, $248.0 ,5,0.01, $155.6 , $15.6 ,Medium
FA-2015-5721,16/06/2015,21/06/2015,5,Standard Class,Fashion,T - Shirts, $248.0 ,4,0.03, $138.2 , $13.8 ,Medium
FA-2015-5732,31/08/2015,04/09/2015,4,Standard Class,Fashion,T - Shirts, $248.0 ,5,0.04, $118.4 , $11.8 ,Medium
FA-2015-5743,12/09/2015,21/09/2015,9,Standard Class,Fashion,T - Shirts, $248.0 ,5,0.02, $143.2 , $14.3 ,Medium
FA-2015-5754,04/12/2015,09/12/2015,5,Standard Class,Fashion,T - Shirts, $248.0 ,1,0.03, $160.6 , $16.1 ,Medium
FA-2015-5765,17/06/2015,26/06/2015,9,Standard Class,Fashion,T - Shirts, $248.0 ,4,0.05, $118.4 , $11.8 ,Medium
FA-2015-5776,02/09/2015,04/09/2015,2,Standard Class,Fashion,T - Shirts, $248.0 ,4,0.05, $118.4 , $11.8 ,Medium
FA-2015-5787,24/04/2015,26/04/2015,2,Standard Class,Fashion,T - Shirts, $248.0 ,3,0.05, $130.8 , $13.1 ,Low
FA-2015-5798,03/04/2015,06/04/2015,3,Standard Class,Fashion,T - Shirts, $248.0 ,2,0.03, $153.1 , $15.3 ,Medium
FA-2015-5809,11/10/2015,12/10/2015,1,Standard Class,Fashion,T - Shirts, $248.0 ,3,0.02, $153.1 , $15.3 ,Medium
FA-2015-5820,08/11/2015,15/11/2015,7,Standard Class,Fashion,T - Shirts, $248.0 ,1,0.02, $163.0 , $16.3 ,Medium
FA-2015-5831,18/05/2015,23/05/2015,5,Standard Class,Fashion,T - Shirts, $248.0 ,1,0.02, $163.0 , $16.3 ,Medium
FA-2015-5842,11/01/2015,14/01/2015,3,Standard Class,Fashion,T - Shirts, $248.0 ,5,0.04, $118.4 , $11.8 ,Medium
FA-2015-5853,19/02/2015,21/02/2015,2,Standard Class,Fashion,T - Shirts, $248.0 ,1,0.04, $158.1 , $15.8 ,High
FA-2015-5864,18/11/2015,20/11/2015,2,Standard Class,Fashion,T - Shirts, $248.0 ,3,0.01, $160.6 , $16.1 ,Low
FA-2015-5875,04/02/2015,07/02/2015,3,Standard Class,Fashion,T - Shirts, $248.0 ,1,0.02, $163.0 , $16.3 ,Low
FA-2015-5886,13/12/2015,23/12/2015,10,Standard Class,Fashion,T - Shirts, $248.0 ,1,0.02, $163.0 , $16.3 ,Medium
FA-2015-5897,22/06/2015,26/06/2015,4,Standard Class,Fashion,T - Shirts, $248.0 ,2,0.01, $163.0 , $16.3 ,Medium
FA-2015-5908,18/06/2015,25/06/2015,7,Standard Class,Fashion,T - Shirts, $248.0 ,3,0.02, $153.1 , $15.3 ,Low
FA-2015-5919,11/03/2015,17/03/2015,6,Standard Class,Fashion,T - Shirts, $248.0 ,2,0.04, $148.2 , $14.8 ,High
FA-2015-5930,04/12/2015,08/12/2015,4,Standard Class,Fashion,T - Shirts, $248.0 ,5,0.01, $155.6 , $15.6 ,High
FA-2015-5941,31/05/2015,09/06/2015,9,Standard Class,Fashion,T - Shirts, $248.0 ,1,0.04, $158.1 , $15.8 ,Medium
FA-2015-5952,28/09/2015,04/10/2015,6,Standard Class,Fashion,T - Shirts, $248.0 ,5,0.04, $118.4 , $11.8 ,Medium
FA-2015-5963,27/11/2015,03/12/2015,6,Standard Class,Fashion,T - Shirts, $248.0 ,1,0.05, $155.6 , $15.6 ,High
FA-2015-5974,07/05/2015,17/05/2015,10,Standard Class,Fashion,T - Shirts, $248.0 ,3,0.01, $160.6 , $16.1 ,Medium
FA-2015-5985,13/10/2015,21/10/2015,8,Standard Class,Fashion,T - Shirts, $248.0 ,5,0.04, $118.4 , $11.8 ,High
FA-2015-5996,26/02/2015,04/03/2015,6,Standard Class,Fashion,T - Shirts, $248.0 ,4,0.05, $118.4 , $11.8 ,Low
FA-2015-6007,16/06/2015,17/06/2015,1,Standard Class,Fashion,T - Shirts, $248.0 ,1,0.02, $163.0 , $16.3 ,High
FA-2015-6018,29/04/2015,30/04/2015,1,Standard Class,Fashion,T - Shirts, $248.0 ,4,0.05, $118.4 , $11.8 ,Low
FA-2015-6029,01/09/2015,06/09/2015,5,Standard Class,Fashion,T - Shirts, $248.0 ,3,0.02, $153.1 , $15.3 ,Medium
FA-2015-6040,27/07/2015,30/07/2015,3,Standard Class,Fashion,T - Shirts, $248.0 ,4,0.03, $138.2 , $13.8 ,Medium
FA-2015-6051,07/10/2015,08/10/2015,1,Standard Class,Fashion,T - Shirts, $248.0 ,5,0.05, $106.0 , $10.6 ,Medium
FA-2015-6062,30/03/2015,07/04/2015,8,Standard Class,Fashion,T - Shirts, $248.0 ,5,0.02, $143.2 , $14.3 ,Medium
FA-2015-6073,07/09/2015,14/09/2015,7,Standard Class,Fashion,T - Shirts, $248.0 ,2,0.01, $163.0 , $16.3 ,Medium
FA-2015-6084,04/04/2015,06/04/2015,2,Standard Class,Fashion,T - Shirts, $248.0 ,3,0.04, $138.2 , $13.8 ,High
FA-2015-6095,26/07/2015,01/08/2015,6,Standard Class,Fashion,T - Shirts, $248.0 ,4,0.01, $158.1 , $15.8 ,High
FA-2015-6106,18/07/2015,24/07/2015,6,Standard Class,Fashion,T - Shirts, $248.0 ,1,0.01, $165.5 , $16.6 ,Medium
FA-2015-6117,30/07/2015,04/08/2015,5,Standard Class,Fashion,T - Shirts, $248.0 ,5,0.05, $106.0 , $10.6 ,Medium
FA-2015-6128,20/05/2015,26/05/2015,6,Standard Class,Fashion,T - Shirts, $248.0 ,2,0.01, $163.0 , $16.3 ,High
FA-2015-6139,10/07/2015,19/07/2015,9,Standard Class,Fashion,T - Shirts, $248.0 ,5,0.04, $118.4 , $11.8 ,High
FA-2015-6150,18/08/2015,26/08/2015,8,Standard Class,Fashion,T - Shirts, $248.0 ,4,0.01, $158.1 , $15.8 ,Medium
FA-2015-6161,09/01/2015,17/01/2015,8,Standard Class,Fashion,T - Shirts, $248.0 ,3,0.04, $138.2 , $13.8 ,Medium
FA-2015-6172,20/05/2015,29/05/2015,9,Standard Class,Fashion,T - Shirts, $248.0 ,2,0.01, $163.0 , $16.3 ,High
FA-2015-6183,11/03/2015,19/03/2015,8,Standard Class,Fashion,T - Shirts, $248.0 ,4,0.05, $118.4 , $11.8 ,Medium
FA-2015-6194,07/12/2015,12/12/2015,5,Standard Class,Fashion,T - Shirts, $248.0 ,5,0.05, $106.0 , $10.6 ,Medium
FA-2015-6205,26/11/2015,02/12/2015,6,Standard Class,Fashion,T - Shirts, $248.0 ,2,0.03, $153.1 , $15.3 ,Medium
FA-2015-6216,31/07/2015,06/08/2015,6,Standard Class,Fashion,T - Shirts, $248.0 ,5,0.04, $118.4 , $11.8 ,Medium
FA-2015-6227,10/09/2015,20/09/2015,10,Standard Class,Fashion,T - Shirts, $248.0 ,3,0.04, $138.2 , $13.8 ,Medium
FA-2015-6238,22/12/2015,26/12/2015,4,Standard Class,Fashion,T - Shirts, $248.0 ,5,0.04, $118.4 , $11.8 ,Medium
FA-2015-6249,11/12/2015,12/12/2015,1,Standard Class,Fashion,T - Shirts, $248.0 ,2,0.02, $158.1 , $15.8 ,Medium
FA-2015-6260,25/11/2015,29/11/2015,4,Standard Class,Fashion,T - Shirts, $248.0 ,2,0.02, $158.1 , $15.8 ,Medium
FA-2015-6271,16/01/2015,24/01/2015,8,Standard Class,Fashion,T - Shirts, $248.0 ,4,0.01, $158.1 , $15.8 ,High
FA-2015-6282,25/01/2015,04/02/2015,10,Standard Class,Fashion,T - Shirts, $248.0 ,5,0.02, $143.2 , $14.3 ,Medium
FA-2015-6293,15/07/2015,20/07/2015,5,Standard Class,Fashion,T - Shirts, $248.0 ,3,0.02, $153.1 , $15.3 ,Medium
FA-2015-6304,19/04/2015,25/04/2015,6,Standard Class,Fashion,T - Shirts, $248.0 ,5,0.01, $155.6 , $15.6 ,High
FA-2015-6315,17/07/2015,25/07/2015,8,Standard Class,Fashion,T - Shirts, $248.0 ,1,0.03, $160.6 , $16.1 ,High
FA-2015-6326,01/08/2015,07/08/2015,6,Standard Class,Fashion,T - Shirts, $248.0 ,3,0.01, $160.6 , $16.1 ,High
FA-2015-6337,11/12/2015,20/12/2015,9,Standard Class,Fashion,T - Shirts, $248.0 ,5,0.03, $130.8 , $13.1 ,Medium
FA-2015-6348,24/02/2015,26/02/2015,2,Standard Class,Fashion,T - Shirts, $248.0 ,5,0.02, $143.2 , $14.3 ,Medium
FA-2015-6359,02/02/2015,09/02/2015,7,Standard Class,Fashion,T - Shirts, $248.0 ,2,0.01, $163.0 , $16.3 ,Medium
FA-2015-6370,07/11/2015,08/11/2015,1,Standard Class,Fashion,T - Shirts, $248.0 ,2,0.04, $148.2 , $14.8 ,High
FA-2015-6381,11/07/2015,14/07/2015,3,Standard Class,Fashion,T - Shirts, $248.0 ,4,0.05, $118.4 , $11.8 ,Medium
FA-2015-6392,22/10/2015,27/10/2015,5,Standard Class,Fashion,T - Shirts, $248.0 ,4,0.02, $148.2 , $14.8 ,Medium
FA-2015-6403,04/12/2015,13/12/2015,9,Standard Class,Fashion,T - Shirts, $248.0 ,4,0.03, $138.2 , $13.8 ,Medium
FA-2015-6414,08/08/2015,11/08/2015,3,Standard Class,Fashion,T - Shirts, $248.0 ,3,0.05, $130.8 , $13.1 ,Medium
FA-2015-6425,24/11/2015,26/11/2015,2,Standard Class,Fashion,T - Shirts, $248.0 ,1,0.02, $163.0 , $16.3 ,Medium
FA-2015-6436,02/10/2015,12/10/2015,10,Standard Class,Fashion,T - Shirts, $248.0 ,1,0.04, $158.1 , $15.8 ,Medium
FA-2015-6447,02/02/2015,07/02/2015,5,Standard Class,Fashion,T - Shirts, $248.0 ,3,0.05, $130.8 , $13.1 ,High
FA-2015-6458,09/09/2015,16/09/2015,7,Standard Class,Fashion,T - Shirts, $248.0 ,2,0.04, $148.2 , $14.8 ,Medium
FA-2015-6469,07/05/2015,15/05/2015,8,Standard Class,Fashion,T - Shirts, $248.0 ,4,0.03, $138.2 , $13.8 ,Medium
FA-2015-6480,20/09/2015,21/09/2015,1,Standard Class,Fashion,T - Shirts, $248.0 ,4,0.01, $158.1 , $15.8 ,Medium
FA-2015-6491,01/04/2015,03/04/2015,2,Standard Class,Fashion,T - Shirts, $248.0 ,1,0.04, $158.1 , $15.8 ,Medium
FA-2015-6502,21/11/2015,27/11/2015,6,Standard Class,Fashion,T - Shirts, $248.0 ,3,0.02, $153.1 , $15.3 ,Medium
FA-2015-6513,25/05/2015,27/05/2015,2,Standard Class,Fashion,T - Shirts, $248.0 ,3,0.01, $160.6 , $16.1 ,Low
FA-2015-6524,02/03/2015,08/03/2015,6,Standard Class,Fashion,T - Shirts, $248.0 ,1,0.02, $163.0 , $16.3 ,High
FA-2015-6535,24/07/2015,27/07/2015,3,Standard Class,Fashion,T - Shirts, $248.0 ,2,0.05, $143.2 , $14.3 ,High
FA-2015-6546,29/08/2015,30/08/2015,1,Standard Class,Fashion,T - Shirts, $248.0 ,5,0.01, $155.6 , $15.6 ,Medium
FA-2015-6557,30/11/2015,10/12/2015,10,Standard Class,Fashion,T - Shirts, $248.0 ,2,0.01, $163.0 , $16.3 ,Medium
FA-2015-6568,03/07/2015,08/07/2015,5,Standard Class,Fashion,T - Shirts, $248.0 ,1,0.02, $163.0 , $16.3 ,High
FA-2015-6579,23/11/2015,03/12/2015,10,Standard Class,Fashion,T - Shirts, $248.0 ,1,0.03, $160.6 , $16.1 ,Medium
FA-2015-6590,16/06/2015,18/06/2015,2,Standard Class,Fashion,T - Shirts, $248.0 ,5,0.04, $118.4 , $11.8 ,High
FA-2015-6601,17/11/2015,22/11/2015,5,Standard Class,Fashion,T - Shirts, $248.0 ,1,0.04, $158.1 , $15.8 ,High
FA-2015-6612,24/02/2015,28/02/2015,4,Standard Class,Fashion,T - Shirts, $248.0 ,3,0.02, $153.1 , $15.3 ,High
FA-2015-6623,10/06/2015,13/06/2015,3,Standard Class,Fashion,T - Shirts, $248.0 ,2,0.04, $148.2 , $14.8 ,Medium
FA-2015-6634,08/05/2015,10/05/2015,2,Standard Class,Fashion,T - Shirts, $248.0 ,3,0.01, $160.6 , $16.1 ,Medium
FA-2015-6645,17/10/2015,23/10/2015,6,Standard Class,Fashion,T - Shirts, $248.0 ,2,0.04, $148.2 , $14.8 ,Medium
FA-2015-6656,05/12/2015,10/12/2015,5,Standard Class,Fashion,T - Shirts, $248.0 ,5,0.02, $143.2 , $14.3 ,Medium
FA-2015-6667,08/03/2015,18/03/2015,10,Standard Class,Fashion,T - Shirts, $248.0 ,4,0.02, $148.2 , $14.8 ,Medium
FA-2015-6678,29/03/2015,02/04/2015,4,Standard Class,Fashion,T - Shirts, $248.0 ,5,0.05, $106.0 , $10.6 ,Medium
FA-2015-6689,28/08/2015,04/09/2015,7,Standard Class,Fashion,T - Shirts, $248.0 ,5,0.05, $106.0 , $10.6 ,Medium
FA-2015-6700,28/03/2015,07/04/2015,10,Standard Class,Fashion,T - Shirts, $248.0 ,3,0.01, $160.6 , $16.1 ,High
FA-2015-6711,26/12/2015,30/12/2015,4,Standard Class,Fashion,T - Shirts, $248.0 ,5,0.03, $130.8 , $13.1 ,High
FA-2015-6722,05/10/2015,06/10/2015,1,Standard Class,Fashion,T - Shirts, $248.0 ,4,0.01, $158.1 , $15.8 ,High
FA-2015-6733,25/12/2015,30/12/2015,5,Standard Class,Fashion,T - Shirts, $248.0 ,2,0.03, $153.1 , $15.3 ,Medium
FA-2015-6744,30/05/2015,01/06/2015,2,Standard Class,Fashion,T - Shirts, $248.0 ,5,0.05, $106.0 , $10.6 ,Medium
FA-2015-6755,09/12/2015,12/12/2015,3,Standard Class,Fashion,T - Shirts, $248.0 ,2,0.01, $163.0 , $16.3 ,Medium
FA-2015-6766,07/02/2015,16/02/2015,9,Standard Class,Fashion,T - Shirts, $248.0 ,4,0.03, $138.2 , $13.8 ,Medium
FA-2015-6777,02/07/2015,12/07/2015,10,Standard Class,Fashion,T - Shirts, $248.0 ,4,0.03, $138.2 , $13.8 ,Low
FA-2015-6788,23/06/2015,25/06/2015,2,Standard Class,Fashion,T - Shirts, $248.0 ,5,0.02, $143.2 , $14.3 ,High
FA-2015-6799,07/05/2015,15/05/2015,8,Standard Class,Fashion,T - Shirts, $248.0 ,3,0.04, $138.2 , $13.8 ,High
FA-2015-6810,11/01/2015,17/01/2015,6,Standard Class,Fashion,T - Shirts, $248.0 ,5,0.02, $143.2 , $14.3 ,High
FA-2015-6821,10/04/2015,16/04/2015,6,Standard Class,Fashion,T - Shirts, $248.0 ,1,0.05, $155.6 , $15.6 ,Low
FA-2015-6832,27/05/2015,30/05/2015,3,Standard Class,Fashion,T - Shirts, $248.0 ,5,0.03, $130.8 , $13.1 ,High
FA-2015-6843,11/10/2015,13/10/2015,2,Standard Class,Fashion,T - Shirts, $248.0 ,5,0.03, $130.8 , $13.1 ,High
FA-2015-6854,04/07/2015,05/07/2015,1,Standard Class,Fashion,T - Shirts, $248.0 ,5,0.01, $155.6 , $15.6 ,Medium
FA-2015-6865,09/09/2015,15/09/2015,6,Standard Class,Fashion,T - Shirts, $248.0 ,2,0.01, $163.0 , $16.3 ,High
FA-2015-6876,02/07/2015,06/07/2015,4,Standard Class,Fashion,T - Shirts, $248.0 ,5,0.04, $118.4 , $11.8 ,Medium
FA-2015-6887,27/10/2015,29/10/2015,2,Standard Class,Fashion,T - Shirts, $248.0 ,3,0.04, $138.2 , $13.8 ,Medium
FA-2015-6898,05/04/2015,13/04/2015,8,Standard Class,Fashion,T - Shirts, $248.0 ,4,0.03, $138.2 , $13.8 ,High
FA-2015-6909,29/08/2015,05/09/2015,7,Standard Class,Fashion,T - Shirts, $248.0 ,2,0.02, $158.1 , $15.8 ,Medium
FA-2015-6920,16/02/2015,22/02/2015,6,Standard Class,Fashion,T - Shirts, $248.0 ,4,0.04, $128.3 , $12.8 ,High
FA-2015-6931,08/08/2015,12/08/2015,4,Standard Class,Fashion,T - Shirts, $248.0 ,5,0.05, $106.0 , $10.6 ,Medium
FA-2015-6942,28/09/2015,06/10/2015,8,Standard Class,Fashion,T - Shirts, $248.0 ,4,0.03, $138.2 , $13.8 ,Medium
FA-2015-6953,30/04/2015,01/05/2015,1,Standard Class,Fashion,T - Shirts, $248.0 ,4,0.02, $148.2 , $14.8 ,Medium
FA-2015-6964,29/01/2015,05/02/2015,7,Standard Class,Fashion,T - Shirts, $248.0 ,1,0.01, $165.5 , $16.6 ,Medium
FA-2015-6975,03/09/2015,05/09/2015,2,Standard Class,Fashion,T - Shirts, $248.0 ,4,0.03, $138.2 , $13.8 ,Medium
FA-2015-6986,24/06/2015,04/07/2015,10,Standard Class,Fashion,T - Shirts, $248.0 ,1,0.05, $155.6 , $15.6 ,Medium
FA-2015-6997,24/12/2015,01/01/2016,8,Standard Class,Fashion,T - Shirts, $248.0 ,2,0.01, $163.0 , $16.3 ,Medium
FA-2015-7008,06/02/2015,08/02/2015,2,Standard Class,Fashion,T - Shirts, $248.0 ,3,0.01, $160.6 , $16.1 ,Medium
FA-2015-7019,18/12/2015,22/12/2015,4,Standard Class,Fashion,T - Shirts, $248.0 ,4,0.05, $118.4 , $11.8 ,Medium
FA-2015-7030,26/08/2015,04/09/2015,9,Standard Class,Fashion,T - Shirts, $248.0 ,1,0.02, $163.0 , $16.3 ,High
FA-2015-7041,06/11/2015,10/11/2015,4,Standard Class,Fashion,T - Shirts, $248.0 ,5,0.05, $106.0 , $10.6 ,Medium
FA-2015-7052,14/10/2015,21/10/2015,7,Standard Class,Fashion,T - Shirts, $248.0 ,3,0.03, $145.7 , $14.6 ,Low
FA-2015-7063,03/06/2015,10/06/2015,7,Standard Class,Fashion,T - Shirts, $248.0 ,3,0.03, $145.7 , $14.6 ,Medium
FA-2015-7074,26/01/2015,27/01/2015,1,Standard Class,Fashion,T - Shirts, $248.0 ,4,0.01, $158.1 , $15.8 ,Medium
FA-2015-7085,29/09/2015,06/10/2015,7,Standard Class,Fashion,T - Shirts, $248.0 ,3,0.01, $160.6 , $16.1 ,Medium
FA-2015-7096,18/11/2015,25/11/2015,7,Standard Class,Fashion,T - Shirts, $248.0 ,5,0.01, $155.6 , $15.6 ,High
FA-2015-7107,05/02/2015,11/02/2015,6,Standard Class,Fashion,T - Shirts, $248.0 ,1,0.05, $155.6 , $15.6 ,Low
FA-2015-7118,01/04/2015,10/04/2015,9,Standard Class,Fashion,T - Shirts, $248.0 ,4,0.03, $138.2 , $13.8 ,High
FA-2015-7129,28/12/2015,31/12/2015,3,Standard Class,Fashion,T - Shirts, $248.0 ,4,0.02, $148.2 , $14.8 ,High
FA-2015-7140,25/12/2015,30/12/2015,5,Standard Class,Fashion,T - Shirts, $248.0 ,4,0.03, $138.2 , $13.8 ,Medium
FA-2015-7151,14/02/2015,16/02/2015,2,Standard Class,Fashion,T - Shirts, $248.0 ,3,0.02, $153.1 , $15.3 ,High
FA-2015-7162,05/05/2015,12/05/2015,7,Standard Class,Fashion,T - Shirts, $248.0 ,4,0.02, $148.2 , $14.8 ,Medium
FA-2015-7173,19/10/2015,25/10/2015,6,Standard Class,Fashion,T - Shirts, $248.0 ,2,0.04, $148.2 , $14.8 ,Medium
FA-2015-7184,29/01/2015,02/02/2015,4,Standard Class,Fashion,T - Shirts, $248.0 ,4,0.01, $158.1 , $15.8 ,Medium
FA-2015-7195,13/07/2015,15/07/2015,2,Standard Class,Fashion,T - Shirts, $248.0 ,1,0.04, $158.1 , $15.8 ,High
FA-2015-7206,29/08/2015,31/08/2015,2,Standard Class,Fashion,T - Shirts, $248.0 ,3,0.05, $130.8 , $13.1 ,Medium
FA-2015-7217,15/12/2015,22/12/2015,7,Standard Class,Fashion,T - Shirts, $248.0 ,2,0.04, $148.2 , $14.8 ,Low
FA-2015-7228,04/08/2015,06/08/2015,2,Standard Class,Fashion,T - Shirts, $248.0 ,3,0.01, $160.6 , $16.1 ,Medium
FA-2015-7239,29/09/2015,06/10/2015,7,Standard Class,Fashion,T - Shirts, $248.0 ,4,0.04, $128.3 , $12.8 ,Medium
FA-2015-7250,26/01/2015,31/01/2015,5,Standard Class,Fashion,T - Shirts, $248.0 ,4,0.05, $118.4 , $11.8 ,High
FA-2015-7261,18/05/2015,24/05/2015,6,Standard Class,Fashion,T - Shirts, $248.0 ,3,0.02, $153.1 , $15.3 ,High
FA-2015-7272,14/03/2015,17/03/2015,3,Standard Class,Fashion,T - Shirts, $248.0 ,2,0.01, $163.0 , $16.3 ,High
FA-2015-7283,07/08/2015,13/08/2015,6,Standard Class,Fashion,T - Shirts, $248.0 ,2,0.01, $163.0 , $16.3 ,Medium
FA-2015-7294,18/01/2015,27/01/2015,9,Standard Class,Fashion,T - Shirts, $248.0 ,4,0.03, $138.2 , $13.8 ,High
FA-2015-7305,16/05/2015,26/05/2015,10,Standard Class,Fashion,T - Shirts, $248.0 ,1,0.04, $158.1 , $15.8 ,Medium
FA-2015-7316,16/10/2015,19/10/2015,3,Standard Class,Fashion,T - Shirts, $248.0 ,1,0.05, $155.6 , $15.6 ,High
FA-2015-7327,28/04/2015,02/05/2015,4,Standard Class,Fashion,T - Shirts, $248.0 ,1,0.05, $155.6 , $15.6 ,High
FA-2015-7338,18/03/2015,21/03/2015,3,Standard Class,Fashion,T - Shirts, $248.0 ,4,0.02, $148.2 , $14.8 ,Medium
FA-2015-7349,24/07/2015,27/07/2015,3,Standard Class,Fashion,T - Shirts, $248.0 ,5,0.03, $130.8 , $13.1 ,Low
FA-2015-7360,31/03/2015,05/04/2015,5,Standard Class,Fashion,T - Shirts, $248.0 ,4,0.03, $138.2 , $13.8 ,Medium
FA-2015-7371,11/07/2015,17/07/2015,6,Standard Class,Fashion,T - Shirts, $248.0 ,1,0.04, $158.1 , $15.8 ,High
FA-2015-7382,09/11/2015,17/11/2015,8,Standard Class,Fashion,T - Shirts, $248.0 ,5,0.04, $118.4 , $11.8 ,High
FA-2015-7393,20/10/2015,28/10/2015,8,Standard Class,Fashion,T - Shirts, $248.0 ,5,0.05, $106.0 , $10.6 ,Medium
FA-2015-7404,11/02/2015,12/02/2015,1,Standard Class,Fashion,T - Shirts, $248.0 ,4,0.05, $118.4 , $11.8 ,High
FA-2015-7415,12/12/2015,22/12/2015,10,Standard Class,Fashion,T - Shirts, $248.0 ,4,0.05, $118.4 , $11.8 ,Low
FA-2015-7426,29/05/2015,01/06/2015,3,Standard Class,Fashion,T - Shirts, $248.0 ,5,0.03, $130.8 , $13.1 ,Medium
FA-2015-7437,19/09/2015,24/09/2015,5,Standard Class,Fashion,T - Shirts, $248.0 ,2,0.03, $153.1 , $15.3 ,Medium
FA-2015-7448,25/10/2015,31/10/2015,6,Standard Class,Fashion,T - Shirts, $248.0 ,3,0.02, $153.1 , $15.3 ,High
FA-2015-7459,25/11/2015,30/11/2015,5,Standard Class,Fashion,T - Shirts, $248.0 ,2,0.03, $153.1 , $15.3 ,Medium
FA-2015-7470,04/11/2015,12/11/2015,8,Standard Class,Fashion,T - Shirts, $248.0 ,1,0.03, $160.6 , $16.1 ,Medium
FA-2015-7481,29/01/2015,05/02/2015,7,Standard Class,Fashion,T - Shirts, $248.0 ,2,0.02, $158.1 , $15.8 ,High
FA-2015-7492,10/09/2015,18/09/2015,8,Standard Class,Fashion,T - Shirts, $248.0 ,1,0.02, $163.0 , $16.3 ,Medium
FA-2015-7503,25/08/2015,28/08/2015,3,Standard Class,Fashion,T - Shirts, $248.0 ,5,0.04, $118.4 , $11.8 ,Medium
FA-2015-7514,02/03/2015,06/03/2015,4,Standard Class,Fashion,T - Shirts, $248.0 ,2,0.02, $158.1 , $15.8 ,Medium
FA-2015-7525,27/03/2015,03/04/2015,7,Standard Class,Fashion,T - Shirts, $248.0 ,3,0.01, $160.6 , $16.1 ,Medium
FA-2015-7536,08/11/2015,09/11/2015,1,Standard Class,Fashion,T - Shirts, $248.0 ,4,0.03, $138.2 , $13.8 ,Medium
FA-2015-7547,04/09/2015,09/09/2015,5,Standard Class,Fashion,T - Shirts, $248.0 ,1,0.03, $160.6 , $16.1 ,Medium
FA-2015-7558,30/07/2015,08/08/2015,9,Standard Class,Fashion,T - Shirts, $248.0 ,4,0.01, $158.1 , $15.8 ,Medium
FA-2015-7569,01/12/2015,09/12/2015,8,Standard Class,Fashion,T - Shirts, $248.0 ,4,0.02, $148.2 , $14.8 ,Medium
FA-2015-7580,26/06/2015,04/07/2015,8,Standard Class,Fashion,T - Shirts, $248.0 ,1,0.04, $158.1 , $15.8 ,Medium
FA-2015-7591,10/02/2015,17/02/2015,7,Standard Class,Fashion,T - Shirts, $248.0 ,2,0.04, $148.2 , $14.8 ,Medium
FA-2015-7602,12/08/2015,19/08/2015,7,Standard Class,Fashion,T - Shirts, $248.0 ,3,0.04, $138.2 , $13.8 ,Medium
FA-2015-7613,04/03/2015,11/03/2015,7,Standard Class,Fashion,T - Shirts, $248.0 ,5,0.03, $130.8 , $13.1 ,Medium
FA-2015-7624,15/08/2015,17/08/2015,2,Standard Class,Fashion,T - Shirts, $248.0 ,3,0.02, $153.1 , $15.3 ,Low
FA-2015-7635,02/09/2015,12/09/2015,10,Standard Class,Fashion,T - Shirts, $248.0 ,5,0.02, $143.2 , $14.3 ,Medium
FA-2015-7646,17/01/2015,18/01/2015,1,Standard Class,Fashion,T - Shirts, $248.0 ,2,0.03, $153.1 , $15.3 ,Medium
FA-2015-7657,04/03/2015,14/03/2015,10,Standard Class,Fashion,T - Shirts, $248.0 ,2,0.02, $158.1 , $15.8 ,High
FA-2015-7668,08/04/2015,13/04/2015,5,Standard Class,Fashion,T - Shirts, $248.0 ,2,0.04, $148.2 , $14.8 ,Medium
FA-2015-7679,27/11/2015,05/12/2015,8,Standard Class,Fashion,T - Shirts, $248.0 ,5,0.03, $130.8 , $13.1 ,High
FA-2015-7690,31/12/2015,05/01/2016,5,Standard Class,Fashion,T - Shirts, $248.0 ,5,0.02, $143.2 , $14.3 ,Medium
FA-2015-7701,30/06/2015,05/07/2015,5,Standard Class,Fashion,T - Shirts, $248.0 ,3,0.04, $138.2 , $13.8 ,High
FA-2015-7712,20/12/2015,30/12/2015,10,Standard Class,Fashion,T - Shirts, $248.0 ,5,0.03, $130.8 , $13.1 ,Medium
FA-2015-7723,24/08/2015,25/08/2015,1,Standard Class,Fashion,T - Shirts, $248.0 ,5,0.03, $130.8 , $13.1 ,Medium
FA-2015-7734,19/06/2015,23/06/2015,4,Standard Class,Fashion,T - Shirts, $248.0 ,3,0.02, $153.1 , $15.3 ,Medium
FA-2015-7745,31/07/2015,03/08/2015,3,Standard Class,Fashion,T - Shirts, $248.0 ,3,0.02, $153.1 , $15.3 ,Medium
FA-2015-7756,08/06/2015,11/06/2015,3,Standard Class,Fashion,T - Shirts, $248.0 ,1,0.02, $163.0 , $16.3 ,High
FA-2015-7767,04/04/2015,10/04/2015,6,Standard Class,Fashion,T - Shirts, $248.0 ,3,0.02, $153.1 , $15.3 ,Low
FA-2015-7778,21/04/2015,26/04/2015,5,Standard Class,Fashion,T - Shirts, $248.0 ,1,0.01, $165.5 , $16.6 ,High
FA-2015-7789,26/05/2015,27/05/2015,1,Standard Class,Fashion,T - Shirts, $248.0 ,1,0.02, $163.0 , $16.3 ,High
FA-2015-7800,28/10/2015,04/11/2015,7,Standard Class,Fashion,T - Shirts, $248.0 ,2,0.01, $163.0 , $16.3 ,High
FA-2015-7811,04/01/2015,14/01/2015,10,Standard Class,Fashion,T - Shirts, $248.0 ,3,0.03, $145.7 , $14.6 ,Medium
FA-2015-7822,31/07/2015,02/08/2015,2,Standard Class,Fashion,T - Shirts, $248.0 ,1,0.04, $158.1 , $15.8 ,Medium
FA-2015-7833,11/01/2015,12/01/2015,1,Standard Class,Fashion,T - Shirts, $248.0 ,2,0.03, $153.1 , $15.3 ,Medium
FA-2015-7844,21/04/2015,30/04/2015,9,Standard Class,Fashion,T - Shirts, $248.0 ,2,0.01, $163.0 , $16.3 ,Medium
FA-2015-7855,05/04/2015,06/04/2015,1,Standard Class,Fashion,T - Shirts, $248.0 ,4,0.01, $158.1 , $15.8 ,Medium
FA-2015-7866,23/07/2015,26/07/2015,3,Standard Class,Fashion,T - Shirts, $248.0 ,5,0.03, $130.8 , $13.1 ,Medium
FA-2015-7877,18/04/2015,28/04/2015,10,Standard Class,Fashion,T - Shirts, $248.0 ,1,0.03, $160.6 , $16.1 ,Medium
FA-2015-7888,09/12/2015,12/12/2015,3,Standard Class,Fashion,T - Shirts, $248.0 ,1,0.03, $160.6 , $16.1 ,Medium
FA-2015-7899,11/04/2015,16/04/2015,5,Standard Class,Fashion,T - Shirts, $248.0 ,2,0.05, $143.2 , $14.3 ,High
FA-2015-7910,19/08/2015,23/08/2015,4,Standard Class,Fashion,T - Shirts, $248.0 ,5,0.02, $143.2 , $14.3 ,Medium
FA-2015-7921,31/01/2015,07/02/2015,7,Standard Class,Fashion,T - Shirts, $248.0 ,4,0.02, $148.2 , $14.8 ,Low
FA-2015-7932,10/11/2015,15/11/2015,5,Standard Class,Fashion,T - Shirts, $248.0 ,5,0.02, $143.2 , $14.3 ,Low
FA-2015-7943,07/11/2015,09/11/2015,2,Standard Class,Fashion,T - Shirts, $248.0 ,3,0.02, $153.1 , $15.3 ,Medium
FA-2015-7954,03/08/2015,05/08/2015,2,Standard Class,Fashion,T - Shirts, $248.0 ,5,0.05, $106.0 , $10.6 ,Medium
FA-2015-7965,20/07/2015,24/07/2015,4,Standard Class,Fashion,T - Shirts, $248.0 ,3,0.05, $130.8 , $13.1 ,Medium
FA-2015-7976,17/05/2015,22/05/2015,5,Standard Class,Fashion,T - Shirts, $248.0 ,4,0.02, $148.2 , $14.8 ,High
FA-2015-7987,25/05/2015,01/06/2015,7,Standard Class,Fashion,T - Shirts, $248.0 ,1,0.01, $165.5 , $16.6 ,Medium
FA-2015-7998,28/08/2015,05/09/2015,8,Standard Class,Fashion,T - Shirts, $248.0 ,5,0.04, $118.4 , $11.8 ,Medium
FA-2015-8009,13/04/2015,20/04/2015,7,Standard Class,Fashion,T - Shirts, $248.0 ,5,0.02, $143.2 , $14.3 ,High
FA-2015-8020,15/10/2015,22/10/2015,7,Standard Class,Fashion,T - Shirts, $248.0 ,5,0.01, $155.6 , $15.6 ,Medium
FA-2015-8031,19/09/2015,24/09/2015,5,Standard Class,Fashion,T - Shirts, $248.0 ,4,0.04, $128.3 , $12.8 ,Medium
FA-2015-8042,26/09/2015,06/10/2015,10,Standard Class,Fashion,T - Shirts, $248.0 ,3,0.03, $145.7 , $14.6 ,Medium
FA-2015-8053,27/01/2015,28/01/2015,1,Standard Class,Fashion,T - Shirts, $248.0 ,2,0.04, $148.2 , $14.8 ,Medium
FA-2015-8064,17/01/2015,27/01/2015,10,Standard Class,Fashion,T - Shirts, $248.0 ,2,0.03, $153.1 , $15.3 ,Low
FA-2015-8075,06/02/2015,10/02/2015,4,Standard Class,Fashion,T - Shirts, $248.0 ,2,0.01, $163.0 , $16.3 ,Medium
FA-2015-8086,08/12/2015,18/12/2015,10,Standard Class,Fashion,T - Shirts, $248.0 ,1,0.03, $160.6 , $16.1 ,High
FA-2015-8097,03/02/2015,08/02/2015,5,Standard Class,Fashion,T - Shirts, $248.0 ,1,0.04, $158.1 , $15.8 ,Medium
FA-2015-8108,08/11/2015,15/11/2015,7,Standard Class,Fashion,T - Shirts, $248.0 ,3,0.04, $138.2 , $13.8 ,Medium
FA-2015-8119,18/06/2015,19/06/2015,1,Standard Class,Fashion,T - Shirts, $248.0 ,4,0.05, $118.4 , $11.8 ,Low
FA-2015-8130,11/10/2015,19/10/2015,8,Standard Class,Fashion,T - Shirts, $248.0 ,1,0.01, $165.5 , $16.6 ,High
FA-2015-8141,06/08/2015,14/08/2015,8,Standard Class,Fashion,T - Shirts, $248.0 ,1,0.05, $155.6 , $15.6 ,Medium
FA-2015-8152,27/09/2015,04/10/2015,7,Standard Class,Fashion,T - Shirts, $248.0 ,1,0.02, $163.0 , $16.3 ,Medium
FA-2015-8163,06/09/2015,08/09/2015,2,Standard Class,Fashion,T - Shirts, $248.0 ,5,0.01, $155.6 , $15.6 ,High
FA-2015-8174,19/06/2015,21/06/2015,2,Standard Class,Fashion,T - Shirts, $248.0 ,3,0.05, $130.8 , $13.1 ,Medium
FA-2015-8185,05/12/2015,10/12/2015,5,Standard Class,Fashion,T - Shirts, $248.0 ,5,0.03, $130.8 , $13.1 ,High
FA-2015-8196,15/06/2015,23/06/2015,8,Standard Class,Fashion,T - Shirts, $248.0 ,2,0.03, $153.1 , $15.3 ,High
FA-2015-8207,12/04/2015,19/04/2015,7,Standard Class,Fashion,T - Shirts, $248.0 ,5,0.01, $155.6 , $15.6 ,High
FA-2015-8218,20/02/2015,02/03/2015,10,Standard Class,Fashion,T - Shirts, $248.0 ,2,0.05, $143.2 , $14.3 ,Medium
FA-2015-8229,11/02/2015,17/02/2015,6,Standard Class,Fashion,T - Shirts, $248.0 ,3,0.03, $145.7 , $14.6 ,Medium
FA-2015-8240,01/09/2015,07/09/2015,6,Standard Class,Fashion,T - Shirts, $248.0 ,4,0.04, $128.3 , $12.8 ,Medium
FA-2015-8251,08/03/2015,12/03/2015,4,Standard Class,Fashion,T - Shirts, $248.0 ,3,0.04, $138.2 , $13.8 ,Medium
FA-2015-8262,02/03/2015,05/03/2015,3,Standard Class,Fashion,T - Shirts, $248.0 ,2,0.04, $148.2 , $14.8 ,High
FA-2015-8273,01/08/2015,09/08/2015,8,Standard Class,Fashion,T - Shirts, $248.0 ,5,0.02, $143.2 , $14.3 ,Medium
FA-2015-8284,16/05/2015,24/05/2015,8,Standard Class,Fashion,T - Shirts, $248.0 ,3,0.04, $138.2 , $13.8 ,Medium
FA-2015-8295,30/04/2015,09/05/2015,9,Standard Class,Fashion,T - Shirts, $248.0 ,1,0.04, $158.1 , $15.8 ,Medium
FA-2015-8306,27/03/2015,03/04/2015,7,Standard Class,Fashion,T - Shirts, $248.0 ,2,0.05, $143.2 , $14.3 ,Medium
FA-2015-8317,04/10/2015,14/10/2015,10,Standard Class,Fashion,T - Shirts, $248.0 ,3,0.01, $160.6 , $16.1 ,Medium
FA-2015-8328,08/12/2015,09/12/2015,1,Standard Class,Fashion,T - Shirts, $248.0 ,2,0.04, $148.2 , $14.8 ,Low
FA-2015-8339,05/06/2015,13/06/2015,8,Standard Class,Fashion,T - Shirts, $248.0 ,3,0.04, $138.2 , $13.8 ,Medium
FA-2015-8350,15/12/2015,18/12/2015,3,Standard Class,Fashion,T - Shirts, $248.0 ,5,0.01, $155.6 , $15.6 ,Medium
FA-2015-8361,27/10/2015,06/11/2015,10,Standard Class,Fashion,T - Shirts, $248.0 ,4,0.03, $138.2 , $13.8 ,Medium
FA-2015-8372,26/02/2015,07/03/2015,9,Standard Class,Fashion,T - Shirts, $248.0 ,3,0.05, $130.8 , $13.1 ,High
FA-2015-8383,12/04/2015,13/04/2015,1,Standard Class,Fashion,T - Shirts, $248.0 ,3,0.04, $138.2 , $13.8 ,Medium
FA-2015-8394,25/01/2015,27/01/2015,2,Standard Class,Fashion,T - Shirts, $248.0 ,1,0.04, $158.1 , $15.8 ,Medium
FA-2015-8405,30/06/2015,03/07/2015,3,Standard Class,Fashion,T - Shirts, $248.0 ,3,0.03, $145.7 , $14.6 ,Medium
FA-2015-8416,29/01/2015,07/02/2015,9,Standard Class,Fashion,T - Shirts, $248.0 ,1,0.01, $165.5 , $16.6 ,High
FA-2015-8427,01/06/2015,04/06/2015,3,Standard Class,Fashion,T - Shirts, $248.0 ,3,0.03, $145.7 , $14.6 ,Medium
FA-2015-8438,20/05/2015,30/05/2015,10,Standard Class,Fashion,T - Shirts, $248.0 ,2,0.05, $143.2 , $14.3 ,Medium
FA-2015-8449,06/04/2015,09/04/2015,3,Standard Class,Fashion,T - Shirts, $248.0 ,3,0.04, $138.2 , $13.8 ,High
FA-2015-8460,06/08/2015,12/08/2015,6,Standard Class,Fashion,T - Shirts, $248.0 ,1,0.01, $165.5 , $16.6 ,Medium
FA-2015-8471,21/01/2015,25/01/2015,4,Standard Class,Fashion,T - Shirts, $248.0 ,1,0.04, $158.1 , $15.8 ,Medium
FA-2015-8482,24/04/2015,27/04/2015,3,Standard Class,Fashion,T - Shirts, $248.0 ,2,0.05, $143.2 , $14.3 ,Low
FA-2015-8493,21/06/2015,25/06/2015,4,Standard Class,Fashion,T - Shirts, $248.0 ,5,0.04, $118.4 , $11.8 ,Medium
FA-2015-8504,29/10/2015,01/11/2015,3,Standard Class,Fashion,T - Shirts, $248.0 ,2,0.05, $143.2 , $14.3 ,Low
FA-2015-8515,08/05/2015,16/05/2015,8,Standard Class,Fashion,T - Shirts, $248.0 ,4,0.01, $158.1 , $15.8 ,Medium
FA-2015-8526,30/01/2015,02/02/2015,3,Standard Class,Fashion,T - Shirts, $248.0 ,2,0.02, $158.1 , $15.8 ,Low
FA-2015-8537,29/06/2015,02/07/2015,3,Standard Class,Fashion,T - Shirts, $248.0 ,3,0.04, $138.2 , $13.8 ,Medium
FA-2015-8548,30/06/2015,10/07/2015,10,Standard Class,Fashion,T - Shirts, $248.0 ,1,0.04, $158.1 , $15.8 ,High
FA-2015-8559,26/02/2015,28/02/2015,2,Standard Class,Fashion,T - Shirts, $248.0 ,4,0.03, $138.2 , $13.8 ,Medium
FA-2015-8570,28/08/2015,05/09/2015,8,Standard Class,Fashion,T - Shirts, $248.0 ,3,0.05, $130.8 , $13.1 ,Low
FA-2015-8581,11/06/2015,18/06/2015,7,Standard Class,Fashion,T - Shirts, $248.0 ,4,0.03, $138.2 , $13.8 ,Medium
FA-2015-8592,10/12/2015,20/12/2015,10,Standard Class,Fashion,T - Shirts, $248.0 ,2,0.03, $153.1 , $15.3 ,Medium
FA-2015-8603,09/05/2015,12/05/2015,3,Standard Class,Fashion,T - Shirts, $248.0 ,1,0.04, $158.1 , $15.8 ,Medium
FA-2015-8614,03/02/2015,09/02/2015,6,Standard Class,Fashion,T - Shirts, $248.0 ,1,0.05, $155.6 , $15.6 ,Low
FA-2015-8625,03/07/2015,13/07/2015,10,Standard Class,Fashion,T - Shirts, $248.0 ,2,0.01, $163.0 , $16.3 ,High
FA-2015-8636,10/03/2015,16/03/2015,6,Standard Class,Fashion,T - Shirts, $248.0 ,4,0.04, $128.3 , $12.8 ,Medium
FA-2015-8647,05/07/2015,07/07/2015,2,Standard Class,Fashion,T - Shirts, $248.0 ,1,0.01, $165.5 , $16.6 ,Medium
FA-2015-8658,20/06/2015,27/06/2015,7,Standard Class,Fashion,T - Shirts, $248.0 ,2,0.03, $153.1 , $15.3 ,Medium
FA-2015-8669,30/06/2015,03/07/2015,3,Standard Class,Fashion,T - Shirts, $248.0 ,5,0.01, $155.6 , $15.6 ,High
FA-2015-8680,31/10/2015,03/11/2015,3,Standard Class,Fashion,T - Shirts, $248.0 ,5,0.03, $130.8 , $13.1 ,Medium
FA-2015-8691,26/01/2015,31/01/2015,5,Standard Class,Fashion,T - Shirts, $248.0 ,4,0.03, $138.2 , $13.8 ,High
FA-2015-8702,21/02/2015,01/03/2015,8,Standard Class,Fashion,T - Shirts, $248.0 ,4,0.01, $158.1 , $15.8 ,Medium
FA-2015-8713,20/10/2015,30/10/2015,10,Standard Class,Fashion,T - Shirts, $248.0 ,2,0.05, $143.2 , $14.3 ,Medium
FA-2015-8724,24/05/2015,02/06/2015,9,Standard Class,Fashion,T - Shirts, $248.0 ,3,0.03, $145.7 , $14.6 ,High
FA-2015-8735,24/08/2015,25/08/2015,1,Standard Class,Fashion,T - Shirts, $248.0 ,3,0.01, $160.6 , $16.1 ,Low
FA-2015-8746,13/08/2015,21/08/2015,8,Standard Class,Fashion,T - Shirts, $248.0 ,3,0.03, $145.7 , $14.6 ,Medium
FA-2015-8757,02/05/2015,06/05/2015,4,Standard Class,Fashion,T - Shirts, $248.0 ,4,0.03, $138.2 , $13.8 ,Medium
FA-2015-8768,21/06/2015,24/06/2015,3,Standard Class,Fashion,T - Shirts, $248.0 ,1,0.03, $160.6 , $16.1 ,Low
FA-2015-8779,17/01/2015,25/01/2015,8,Standard Class,Fashion,T - Shirts, $248.0 ,5,0.02, $143.2 , $14.3 ,Medium
FA-2015-8790,23/10/2015,30/10/2015,7,Standard Class,Fashion,T - Shirts, $248.0 ,2,0.01, $163.0 , $16.3 ,Medium
FA-2015-8801,29/05/2015,08/06/2015,10,Standard Class,Fashion,T - Shirts, $248.0 ,2,0.02, $158.1 , $15.8 ,High
FA-2015-8812,06/02/2015,14/02/2015,8,Standard Class,Fashion,T - Shirts, $248.0 ,2,0.01, $163.0 , $16.3 ,Medium
FA-2015-8823,10/01/2015,18/01/2015,8,Standard Class,Fashion,T - Shirts, $248.0 ,2,0.02, $158.1 , $15.8 ,High
FA-2015-8834,04/08/2015,09/08/2015,5,Standard Class,Fashion,T - Shirts, $248.0 ,3,0.02, $153.1 , $15.3 ,Medium
FA-2015-8845,05/09/2015,14/09/2015,9,Standard Class,Fashion,T - Shirts, $248.0 ,3,0.05, $130.8 , $13.1 ,High
FA-2015-8856,30/09/2015,09/10/2015,9,Standard Class,Fashion,T - Shirts, $248.0 ,1,0.04, $158.1 , $15.8 ,Medium
FA-2015-8867,06/05/2015,11/05/2015,5,Standard Class,Fashion,T - Shirts, $248.0 ,5,0.05, $106.0 , $10.6 ,Medium
FA-2015-8878,15/06/2015,23/06/2015,8,Standard Class,Fashion,T - Shirts, $248.0 ,4,0.05, $118.4 , $11.8 ,Medium
FA-2015-8889,12/04/2015,14/04/2015,2,Standard Class,Fashion,T - Shirts, $248.0 ,5,0.05, $106.0 , $10.6 ,Low
FA-2015-8900,04/07/2015,11/07/2015,7,Standard Class,Fashion,T - Shirts, $248.0 ,4,0.03, $138.2 , $13.8 ,Medium
FA-2015-8911,27/08/2015,05/09/2015,9,Standard Class,Fashion,T - Shirts, $248.0 ,5,0.05, $106.0 , $10.6 ,Medium
FA-2015-8922,09/01/2015,12/01/2015,3,Standard Class,Fashion,T - Shirts, $248.0 ,2,0.02, $158.1 , $15.8 ,High
FA-2015-8933,28/06/2015,29/06/2015,1,Standard Class,Fashion,T - Shirts, $248.0 ,5,0.04, $118.4 , $11.8 ,High
FA-2015-8944,21/01/2015,26/01/2015,5,Standard Class,Fashion,T - Shirts, $248.0 ,3,0.01, $160.6 , $16.1 ,High
FA-2015-8955,06/08/2015,08/08/2015,2,Standard Class,Fashion,T - Shirts, $248.0 ,5,0.05, $106.0 , $10.6 ,Medium
FA-2015-8966,11/04/2015,12/04/2015,1,Standard Class,Fashion,T - Shirts, $248.0 ,5,0.01, $155.6 , $15.6 ,Low
FA-2015-8977,16/11/2015,22/11/2015,6,Standard Class,Fashion,T - Shirts, $248.0 ,1,0.02, $163.0 , $16.3 ,High
FA-2015-8988,26/10/2015,03/11/2015,8,Standard Class,Fashion,T - Shirts, $248.0 ,5,0.04, $118.4 , $11.8 ,High
FA-2015-8999,08/02/2015,10/02/2015,2,Standard Class,Fashion,T - Shirts, $248.0 ,4,0.02, $148.2 , $14.8 ,Medium
FA-2015-9010,02/09/2015,11/09/2015,9,Standard Class,Fashion,T - Shirts, $248.0 ,3,0.05, $130.8 , $13.1 ,Low
FA-2015-9021,17/10/2015,22/10/2015,5,Standard Class,Fashion,T - Shirts, $248.0 ,1,0.05, $155.6 , $15.6 ,Medium
FA-2015-9032,11/12/2015,17/12/2015,6,Standard Class,Fashion,T - Shirts, $248.0 ,3,0.05, $130.8 , $13.1 ,Medium
FA-2015-9043,24/05/2015,29/05/2015,5,Standard Class,Fashion,T - Shirts, $248.0 ,5,0.01, $155.6 , $15.6 ,Medium
FA-2015-9054,28/05/2015,02/06/2015,5,Standard Class,Fashion,T - Shirts, $248.0 ,4,0.04, $128.3 , $12.8 ,High
FA-2015-9065,12/07/2015,15/07/2015,3,Standard Class,Fashion,T - Shirts, $248.0 ,4,0.04, $128.3 , $12.8 ,Medium
FA-2015-9076,04/11/2015,14/11/2015,10,Standard Class,Fashion,T - Shirts, $248.0 ,2,0.05, $143.2 , $14.3 ,High
FA-2015-9087,09/07/2015,15/07/2015,6,Standard Class,Fashion,T - Shirts, $248.0 ,5,0.02, $143.2 , $14.3 ,Medium
FA-2015-9098,20/05/2015,24/05/2015,4,Standard Class,Fashion,T - Shirts, $248.0 ,2,0.01, $163.0 , $16.3 ,High
FA-2015-9109,04/02/2015,11/02/2015,7,Standard Class,Fashion,T - Shirts, $248.0 ,2,0.04, $148.2 , $14.8 ,High
FA-2015-9120,26/02/2015,27/02/2015,1,Standard Class,Fashion,T - Shirts, $248.0 ,2,0.04, $148.2 , $14.8 ,Medium
FA-2015-9131,26/08/2015,29/08/2015,3,Standard Class,Fashion,T - Shirts, $248.0 ,5,0.03, $130.8 , $13.1 ,Medium
FA-2015-9142,14/09/2015,17/09/2015,3,Standard Class,Fashion,T - Shirts, $248.0 ,3,0.03, $145.7 , $14.6 ,High
FA-2015-9153,02/01/2015,10/01/2015,8,Standard Class,Fashion,T - Shirts, $248.0 ,5,0.02, $143.2 , $14.3 ,Medium
FA-2015-9164,20/08/2015,24/08/2015,4,Standard Class,Fashion,T - Shirts, $248.0 ,4,0.04, $128.3 , $12.8 ,Low
FA-2015-9175,27/10/2015,01/11/2015,5,Standard Class,Fashion,T - Shirts, $248.0 ,5,0.05, $106.0 , $10.6 ,Medium
FA-2015-9186,02/06/2015,08/06/2015,6,Standard Class,Fashion,T - Shirts, $248.0 ,2,0.03, $153.1 , $15.3 ,Low
FA-2015-9197,07/05/2015,12/05/2015,5,Standard Class,Fashion,T - Shirts, $248.0 ,5,0.05, $106.0 , $10.6 ,Medium
FA-2015-9208,05/07/2015,09/07/2015,4,Standard Class,Fashion,T - Shirts, $248.0 ,1,0.05, $155.6 , $15.6 ,Medium
FA-2015-9219,25/06/2015,05/07/2015,10,Standard Class,Fashion,T - Shirts, $248.0 ,2,0.01, $163.0 , $16.3 ,High
FA-2015-9230,26/10/2015,29/10/2015,3,Standard Class,Fashion,T - Shirts, $248.0 ,3,0.04, $138.2 , $13.8 ,Medium
FA-2015-9241,18/07/2015,26/07/2015,8,Standard Class,Fashion,T - Shirts, $248.0 ,1,0.04, $158.1 , $15.8 ,High
FA-2015-9252,08/05/2015,13/05/2015,5,Standard Class,Fashion,T - Shirts, $248.0 ,2,0.05, $143.2 , $14.3 ,High
FA-2015-9263,02/12/2015,07/12/2015,5,Standard Class,Fashion,T - Shirts, $248.0 ,2,0.01, $163.0 , $16.3 ,Medium
FA-2015-9274,17/06/2015,22/06/2015,5,Standard Class,Fashion,T - Shirts, $248.0 ,3,0.03, $145.7 , $14.6 ,High
FA-2015-9285,21/11/2015,27/11/2015,6,Standard Class,Fashion,T - Shirts, $248.0 ,3,0.05, $130.8 , $13.1 ,Medium
FA-2015-9296,16/06/2015,26/06/2015,10,Standard Class,Fashion,T - Shirts, $248.0 ,1,0.02, $163.0 , $16.3 ,Medium
FA-2015-9307,17/03/2015,25/03/2015,8,Standard Class,Fashion,T - Shirts, $248.0 ,4,0.03, $138.2 , $13.8 ,Medium
FA-2015-9318,28/09/2015,03/10/2015,5,Standard Class,Fashion,T - Shirts, $248.0 ,4,0.04, $128.3 , $12.8 ,Medium
FA-2015-9329,03/11/2015,09/11/2015,6,Standard Class,Fashion,T - Shirts, $248.0 ,3,0.02, $153.1 , $15.3 ,Medium
FA-2015-9340,04/02/2015,06/02/2015,2,Standard Class,Fashion,T - Shirts, $248.0 ,5,0.02, $143.2 , $14.3 ,Medium
FA-2015-9351,20/06/2015,21/06/2015,1,Standard Class,Fashion,T - Shirts, $248.0 ,2,0.04, $148.2 , $14.8 ,Medium
