Item_ID,Item_Name,Category,Size,Quantity_Available,Profit_Per_Unit,Branches_Stocked_In
H&-0001,Trendy Accessorie,Accessories,XS,105,16.6,8
H&-0002,Trendy Top,Tops,M,127,10.99,6
H&-0003,Essential Accessorie,Accessories,M,489,17.76,9
H&-0004,Basic Outerwea,Outerwear,XS,98,32.11,3
H&-0005,Classic Dresse,Dresses,S,199,16.49,4
H&-0006,Trendy Outerwea,Outerwear,XL,172,21.97,10
H&-0007,Classic Top,Tops,S,72,49.9,2
H&-0008,Essential Top,Tops,M,485,24.84,13
H&-0009,Basic Dresse,Dresses,S,75,29.07,3
H&-0010,Classic Outerwea,Outerwear,XL,416,39.64,9
H&-0011,Trendy Accessorie,Accessories,S,489,48.45,1
H&-0012,Trendy Outerwea,Outerwear,XS,236,22.7,9
H&-0013,Essential Accessorie,Accessories,S,331,16.64,12
H&-0014,Basic Bottom,Bottoms,XL,117,23.76,6
H&-0015,Basic Bottom,Bottoms,XS,32,34.06,15
H&-0016,Basic Bottom,Bottoms,M,336,47.71,13
H&-0017,Trendy Outerwea,Outerwear,XL,399,48.72,14
H&-0018,Classic Bottom,Bottoms,M,187,8.33,5
H&-0019,Trendy Accessorie,Accessories,M,480,43.18,11
H&-0020,Essential Shoe,Shoes,XL,224,21.09,13
H&-0021,Basic Dresse,Dresses,M,7,43.82,13
H&-0022,Basic Dresse,Dresses,S,224,32.55,13
H&-0023,Basic Bottom,Bottoms,S,116,41.15,9
H&-0024,Trendy Shoe,Shoes,XS,1,14.88,7
H&-0025,Classic Outerwea,Outerwear,M,368,42.02,5
H&-0026,Essential Shoe,Shoes,S,229,6.42,6
H&-0027,Essential Accessorie,Accessories,XL,420,12.64,3
H&-0028,Essential Accessorie,Accessories,XL,274,22.58,2
H&-0029,Essential Outerwea,Outerwear,M,154,7.34,15
H&-0030,Trendy Outerwea,Outerwear,L,114,41.73,11
H&-0031,Essential Shoe,Shoes,S,142,27.06,13
H&-0032,Classic Dresse,Dresses,XL,128,27.01,14
H&-0033,Essential Accessorie,Accessories,XS,78,13.33,1
H&-0034,Classic Outerwea,Outerwear,L,57,41.8,4
H&-0035,Trendy Shoe,Shoes,L,8,9.1,7
H&-0036,Trendy Shoe,Shoes,L,210,25.57,12
H&-0037,Classic Outerwea,Outerwear,L,107,21.68,11
H&-0038,Classic Dresse,Dresses,L,194,20.81,3
H&-0039,Classic Outerwea,Outerwear,L,303,31.48,1
H&-0040,Basic Outerwea,Outerwear,M,252,16.25,8
H&-0041,Basic Accessorie,Accessories,XS,270,45.83,4
H&-0042,Trendy Outerwea,Outerwear,XL,121,10.66,4
H&-0043,Basic Dresse,Dresses,XS,211,24.3,4
H&-0044,Essential Accessorie,Accessories,L,75,31.28,12
H&-0045,Essential Shoe,Shoes,M,79,39.83,6
H&-0046,Basic Outerwea,Outerwear,L,390,43.73,6
H&-0047,Classic Shoe,Shoes,XL,204,10.89,4
H&-0048,Essential Dresse,Dresses,XL,269,34.13,14
H&-0049,Basic Outerwea,Outerwear,XS,183,14.59,5
H&-0050,Trendy Accessorie,Accessories,L,225,7.12,8
H&-0051,Classic Outerwea,Outerwear,S,433,46.04,1
H&-0052,Basic Accessorie,Accessories,S,277,24.51,3
H&-0053,Trendy Bottom,Bottoms,L,465,46.53,1
H&-0054,Essential Shoe,Shoes,M,201,34,10
H&-0055,Trendy Outerwea,Outerwear,XS,426,27.06,8
H&-0056,Essential Accessorie,Accessories,XS,274,36.69,4
H&-0057,Basic Top,Tops,S,259,43.21,12
H&-0058,Basic Bottom,Bottoms,XS,333,33.2,11
H&-0059,Classic Bottom,Bottoms,L,213,8.27,3
H&-0060,Trendy Bottom,Bottoms,M,15,42.89,8
H&-0061,Classic Accessorie,Accessories,XL,115,29.7,5
H&-0062,Classic Top,Tops,M,89,38.11,5
H&-0063,Classic Outerwea,Outerwear,XL,274,19.13,7
H&-0064,Essential Accessorie,Accessories,XS,285,43.88,9
H&-0065,Basic Accessorie,Accessories,XL,355,22.29,3
H&-0066,Trendy Shoe,Shoes,L,73,41.1,11
H&-0067,Trendy Dresse,Dresses,L,17,42.17,12
H&-0068,Trendy Accessorie,Accessories,XL,287,23.77,1
H&-0069,Essential Top,Tops,S,306,28.13,1
H&-0070,Basic Accessorie,Accessories,M,239,25.35,11
H&-0071,Basic Shoe,Shoes,L,71,34.61,6
H&-0072,Classic Bottom,Bottoms,S,163,35.51,10
H&-0073,Classic Top,Tops,XL,85,42.65,6
H&-0074,Essential Top,Tops,XL,218,38.09,11
H&-0075,Classic Outerwea,Outerwear,M,397,9.03,8
H&-0076,Classic Outerwea,Outerwear,XS,244,19.38,9
H&-0077,Classic Accessorie,Accessories,XS,178,37.39,6
H&-0078,Classic Outerwea,Outerwear,XS,499,48.88,4
H&-0079,Trendy Bottom,Bottoms,L,440,13.27,3
H&-0080,Basic Accessorie,Accessories,S,156,29.8,13
H&-0081,Classic Bottom,Bottoms,XS,343,34.92,4
H&-0082,Basic Bottom,Bottoms,XL,161,39.82,8
H&-0083,Essential Shoe,Shoes,XL,230,16.38,1
H&-0084,Classic Top,Tops,S,491,8.24,2
H&-0085,Basic Dresse,Dresses,XS,324,22.01,15
H&-0086,Basic Top,Tops,S,496,13.2,10
H&-0087,Essential Dresse,Dresses,XS,499,22.7,10
H&-0088,Essential Top,Tops,XS,297,24.65,8
H&-0089,Basic Top,Tops,M,474,25.84,7
H&-0090,Classic Shoe,Shoes,XS,195,41.86,13
H&-0091,Trendy Top,Tops,XS,383,37.18,6
H&-0092,Basic Accessorie,Accessories,XS,472,37.6,12
H&-0093,Classic Outerwea,Outerwear,M,307,34.77,12
H&-0094,Basic Dresse,Dresses,M,462,23.4,10
H&-0095,Trendy Shoe,Shoes,XS,492,15.2,10
H&-0096,Basic Bottom,Bottoms,S,236,32.83,8
H&-0097,Essential Bottom,Bottoms,XS,484,48.42,5
H&-0098,Essential Top,Tops,L,101,41.1,4
H&-0099,Essential Shoe,Shoes,M,400,29.88,7
H&-0100,Trendy Accessorie,Accessories,XL,183,32.76,7
H&-0101,Basic Shoe,Shoes,XS,344,45.81,4
H&-0102,Classic Shoe,Shoes,M,383,32.78,4
H&-0103,Classic Accessorie,Accessories,XL,83,31.22,12
H&-0104,Classic Shoe,Shoes,XS,375,40.94,11
H&-0105,Basic Bottom,Bottoms,L,450,12.73,14
H&-0106,Classic Top,Tops,S,105,22.83,15
H&-0107,Essential Shoe,Shoes,L,438,20.42,15
H&-0108,Basic Outerwea,Outerwear,XS,477,24.07,15
H&-0109,Classic Top,Tops,L,233,20.56,14
H&-0110,Basic Bottom,Bottoms,M,466,37.79,8
H&-0111,Trendy Outerwea,Outerwear,XS,269,48.35,11
H&-0112,Basic Shoe,Shoes,L,460,19.38,15
H&-0113,Essential Accessorie,Accessories,XL,190,24.93,11
H&-0114,Trendy Outerwea,Outerwear,L,316,6.5,2
H&-0115,Essential Accessorie,Accessories,S,204,12.38,8
H&-0116,Trendy Accessorie,Accessories,M,406,37.34,7
H&-0117,Classic Accessorie,Accessories,XL,347,32.91,11
H&-0118,Basic Outerwea,Outerwear,XS,379,38,15
H&-0119,Classic Outerwea,Outerwear,M,495,19.97,14
H&-0120,Trendy Dresse,Dresses,S,365,8.07,5
H&-0121,Trendy Accessorie,Accessories,M,277,7.15,4
H&-0122,Essential Bottom,Bottoms,L,97,38.85,9
H&-0123,Trendy Top,Tops,L,231,37.02,6
H&-0124,Basic Outerwea,Outerwear,M,436,9.35,11
H&-0125,Basic Dresse,Dresses,M,1,25,1
H&-0126,Trendy Outerwea,Outerwear,S,1,9.54,1
H&-0127,Basic Dresse,Dresses,S,94,25.42,12
H&-0128,Essential Dresse,Dresses,XS,465,10.84,3
H&-0129,Trendy Outerwea,Outerwear,L,446,49.58,2
H&-0130,Basic Bottom,Bottoms,XL,451,9.54,5
H&-0131,Classic Outerwea,Outerwear,M,277,24.84,2
H&-0132,Classic Shoe,Shoes,XS,392,40.39,15
H&-0133,Trendy Dresse,Dresses,XL,179,49.71,14
H&-0134,Classic Accessorie,Accessories,S,446,17.61,3
H&-0135,Essential Accessorie,Accessories,XS,55,31.33,6
H&-0136,Essential Dresse,Dresses,S,394,22.67,15
H&-0137,Classic Top,Tops,S,484,36.1,3
H&-0138,Trendy Dresse,Dresses,XL,114,5.09,12
H&-0139,Basic Accessorie,Accessories,XS,211,45.96,15
H&-0140,Basic Accessorie,Accessories,S,498,7.62,4
H&-0141,Classic Bottom,Bottoms,L,188,19.22,9
H&-0142,Trendy Bottom,Bottoms,XL,149,11.35,5
H&-0143,Essential Top,Tops,L,221,19.39,4
H&-0144,Trendy Shoe,Shoes,L,56,48.66,1
H&-0145,Classic Outerwea,Outerwear,L,8,35.82,6
H&-0146,Essential Dresse,Dresses,M,304,42.64,10
H&-0147,Trendy Top,Tops,M,3,8.43,6
H&-0148,Essential Bottom,Bottoms,XL,223,15.14,7
H&-0149,Essential Dresse,Dresses,XL,158,17.88,9
H&-0150,Basic Accessorie,Accessories,XL,272,36.04,4
H&-0151,Essential Bottom,Bottoms,M,272,23.5,15
H&-0152,Essential Accessorie,Accessories,L,414,43.23,5
H&-0153,Basic Accessorie,Accessories,M,179,15.52,9
H&-0154,Essential Shoe,Shoes,S,266,19.83,8
H&-0155,Essential Dresse,Dresses,S,46,10.84,4
H&-0156,Basic Shoe,Shoes,M,491,24.88,11
H&-0157,Trendy Top,Tops,S,167,42.64,13
H&-0158,Trendy Dresse,Dresses,M,441,14.86,5
H&-0159,Essential Dresse,Dresses,M,193,36.86,6
H&-0160,Classic Bottom,Bottoms,L,74,11.57,10
H&-0161,Basic Bottom,Bottoms,XS,433,41.19,9
H&-0162,Essential Bottom,Bottoms,XS,248,14.45,6
H&-0163,Essential Shoe,Shoes,XS,451,11.81,6
H&-0164,Trendy Outerwea,Outerwear,XL,72,14.06,1
H&-0165,Basic Outerwea,Outerwear,L,296,34.92,13
H&-0166,Classic Shoe,Shoes,XL,98,23.7,13
H&-0167,Basic Bottom,Bottoms,M,308,15.07,4
H&-0168,Classic Dresse,Dresses,XL,211,6.93,13
H&-0169,Essential Outerwea,Outerwear,L,258,37.29,6
H&-0170,Basic Accessorie,Accessories,S,209,30.17,14
H&-0171,Trendy Bottom,Bottoms,M,109,18.85,15
H&-0172,Classic Outerwea,Outerwear,XS,129,42.89,1
H&-0173,Classic Dresse,Dresses,S,351,11.52,3
H&-0174,Basic Outerwea,Outerwear,S,180,43.55,6
H&-0175,Basic Shoe,Shoes,XL,265,46.81,12
H&-0176,Trendy Top,Tops,L,90,47.34,12
H&-0177,Trendy Accessorie,Accessories,XS,298,22.04,8
H&-0178,Trendy Shoe,Shoes,L,452,11.92,4
H&-0179,Classic Top,Tops,S,152,45.89,11
H&-0180,Trendy Accessorie,Accessories,L,297,37.32,12
H&-0181,Basic Dresse,Dresses,L,124,26.78,3
H&-0182,Classic Bottom,Bottoms,XL,18,14.88,8
H&-0183,Basic Shoe,Shoes,M,226,33.81,6
H&-0184,Classic Shoe,Shoes,M,266,24.79,3
H&-0185,Trendy Accessorie,Accessories,M,33,40.85,10
H&-0186,Basic Bottom,Bottoms,S,300,12.83,11
H&-0187,Basic Outerwea,Outerwear,M,179,13.87,12
H&-0188,Classic Shoe,Shoes,M,496,19.48,8
H&-0189,Classic Accessorie,Accessories,S,350,24.54,6
H&-0190,Classic Bottom,Bottoms,XS,209,17.5,4
H&-0191,Classic Bottom,Bottoms,XL,306,20.69,3
H&-0192,Classic Dresse,Dresses,XL,132,42.36,15
H&-0193,Basic Top,Tops,S,85,32.5,4
H&-0194,Classic Bottom,Bottoms,L,122,12.71,15
H&-0195,Trendy Bottom,Bottoms,XL,124,43.91,2
H&-0196,Essential Accessorie,Accessories,S,101,22.85,7
H&-0197,Basic Shoe,Shoes,S,183,40.74,10
H&-0198,Basic Dresse,Dresses,XS,51,31.55,8
H&-0199,Basic Outerwea,Outerwear,XS,33,47.02,9
H&-0200,Essential Outerwea,Outerwear,XS,88,13.2,2
H&-0201,Classic Dresse,Dresses,XS,213,32.97,1
H&-0202,Classic Top,Tops,XS,152,10.73,2
H&-0203,Trendy Shoe,Shoes,XS,73,41.25,2
H&-0204,Trendy Shoe,Shoes,L,43,16.67,8
H&-0205,Basic Bottom,Bottoms,XL,425,20.93,15
H&-0206,Classic Dresse,Dresses,XS,195,33.1,12
H&-0207,Trendy Accessorie,Accessories,XL,402,41.34,6
H&-0208,Basic Top,Tops,L,407,22.49,6
H&-0209,Basic Top,Tops,XL,236,16.83,5
H&-0210,Classic Outerwea,Outerwear,XL,186,42.19,4
H&-0211,Trendy Bottom,Bottoms,M,238,49.62,8
H&-0212,Essential Bottom,Bottoms,L,80,27.36,6
H&-0213,Essential Bottom,Bottoms,L,450,30.58,12
H&-0214,Basic Top,Tops,XL,377,31.85,2
H&-0215,Classic Top,Tops,L,441,34.47,7
H&-0216,Essential Outerwea,Outerwear,XS,415,28.32,5
H&-0217,Trendy Dresse,Dresses,M,116,19.45,13
H&-0218,Classic Dresse,Dresses,M,366,47.74,2
H&-0219,Trendy Outerwea,Outerwear,S,81,39.57,13
H&-0220,Classic Bottom,Bottoms,S,401,38.76,10
H&-0221,Essential Top,Tops,S,127,48.45,6
H&-0222,Classic Shoe,Shoes,XL,114,14.66,15
H&-0223,Trendy Top,Tops,XL,240,33.53,6
H&-0224,Trendy Dresse,Dresses,M,343,33.1,12
H&-0225,Trendy Top,Tops,XL,238,34.38,4
H&-0226,Basic Accessorie,Accessories,M,385,21.97,15
H&-0227,Trendy Bottom,Bottoms,M,187,11.93,12
H&-0228,Essential Shoe,Shoes,S,314,19.11,8
H&-0229,Classic Top,Tops,M,417,34.6,4
H&-0230,Trendy Outerwea,Outerwear,XS,490,19.56,6
H&-0231,Basic Dresse,Dresses,XL,226,48.52,7
H&-0232,Basic Shoe,Shoes,XS,192,25.2,9
H&-0233,Basic Outerwea,Outerwear,XL,259,31.66,5
H&-0234,Essential Dresse,Dresses,M,5,33.18,2
H&-0235,Basic Shoe,Shoes,S,329,44.66,12
H&-0236,Classic Shoe,Shoes,XS,275,46.02,4
H&-0237,Trendy Shoe,Shoes,XS,180,15.23,11
H&-0238,Classic Outerwea,Outerwear,XS,49,44.86,8
H&-0239,Basic Dresse,Dresses,M,250,47.85,6
H&-0240,Essential Accessorie,Accessories,XL,125,38.24,6
H&-0241,Essential Shoe,Shoes,M,133,39.83,3
H&-0242,Basic Shoe,Shoes,L,113,36.33,14
H&-0243,Basic Accessorie,Accessories,L,228,36.01,10
H&-0244,Classic Shoe,Shoes,S,311,28.44,15
H&-0245,Essential Shoe,Shoes,L,8,14.39,4
H&-0246,Essential Top,Tops,L,318,22.64,10
H&-0247,Basic Outerwea,Outerwear,XL,139,41.52,14
H&-0248,Basic Shoe,Shoes,XL,106,7.16,12
H&-0249,Basic Bottom,Bottoms,S,277,42.92,12
H&-0250,Essential Bottom,Bottoms,L,180,36.17,1
H&-0251,Classic Bottom,Bottoms,L,182,33.04,1
H&-0252,Basic Shoe,Shoes,XS,423,38.98,9
H&-0253,Basic Dresse,Dresses,S,432,42.05,10
H&-0254,Trendy Accessorie,Accessories,S,388,33.35,9
H&-0255,Classic Dresse,Dresses,L,211,10.99,1
H&-0256,Trendy Dresse,Dresses,M,399,27.82,10
H&-0257,Essential Shoe,Shoes,L,325,19.76,5
H&-0258,Essential Dresse,Dresses,L,269,21.61,14
H&-0259,Essential Bottom,Bottoms,XS,108,38.55,11
H&-0260,Basic Bottom,Bottoms,S,318,26.14,12
H&-0261,Basic Shoe,Shoes,XL,1,15.98,9
H&-0262,Trendy Dresse,Dresses,M,357,41.89,8
H&-0263,Basic Accessorie,Accessories,XS,161,13.54,9
H&-0264,Classic Bottom,Bottoms,L,342,40.59,8
H&-0265,Trendy Shoe,Shoes,M,36,40.22,10
H&-0266,Essential Outerwea,Outerwear,M,13,35.56,2
H&-0267,Classic Outerwea,Outerwear,S,480,41.76,12
H&-0268,Classic Outerwea,Outerwear,S,273,49.21,11
H&-0269,Classic Top,Tops,S,49,16.66,6
H&-0270,Essential Bottom,Bottoms,XS,9,36,7
H&-0271,Classic Accessorie,Accessories,M,361,26.48,7
H&-0272,Basic Shoe,Shoes,L,490,22.31,6
H&-0273,Essential Shoe,Shoes,S,347,42.75,13
H&-0274,Classic Top,Tops,S,179,41.89,15
H&-0275,Trendy Accessorie,Accessories,XL,345,35.1,2
H&-0276,Basic Dresse,Dresses,L,37,43.03,3
H&-0277,Classic Bottom,Bottoms,S,294,41.83,3
H&-0278,Trendy Bottom,Bottoms,L,358,47.99,6
H&-0279,Trendy Top,Tops,XL,92,47.82,10
H&-0280,Essential Top,Tops,L,106,49.28,7
H&-0281,Essential Bottom,Bottoms,XL,200,26.58,2
H&-0282,Essential Top,Tops,L,394,29.57,10
H&-0283,Essential Outerwea,Outerwear,XL,90,21.84,7
H&-0284,Trendy Accessorie,Accessories,XL,143,5.44,8
H&-0285,Essential Outerwea,Outerwear,L,139,34.63,2
H&-0286,Essential Top,Tops,S,165,21.4,2
H&-0287,Basic Shoe,Shoes,XL,94,36.83,13
H&-0288,Basic Accessorie,Accessories,XL,104,48.83,6
H&-0289,Classic Dresse,Dresses,XS,240,44.81,13
H&-0290,Classic Top,Tops,S,166,38.05,14
H&-0291,Trendy Outerwea,Outerwear,XS,492,13.85,13
H&-0292,Basic Accessorie,Accessories,M,264,36.51,12
H&-0293,Trendy Bottom,Bottoms,S,180,10.82,1
H&-0294,Basic Outerwea,Outerwear,XS,472,48.81,2
H&-0295,Essential Top,Tops,L,252,6.81,13
H&-0296,Basic Shoe,Shoes,L,253,15.4,5
H&-0297,Essential Outerwea,Outerwear,L,289,44.5,3
H&-0298,Trendy Outerwea,Outerwear,M,409,8.33,2
H&-0299,Basic Bottom,Bottoms,L,7,7.95,12
H&-0300,Trendy Outerwea,Outerwear,S,117,48.28,9
H&-0301,Trendy Shoe,Shoes,M,171,33.15,7
H&-0302,Classic Top,Tops,M,48,33.97,10
H&-0303,Basic Outerwea,Outerwear,L,117,38.14,2
H&-0304,Trendy Accessorie,Accessories,XL,408,18.44,8
H&-0305,Basic Top,Tops,L,445,28.82,4
H&-0306,Essential Dresse,Dresses,M,197,31.73,4
H&-0307,Trendy Top,Tops,XS,82,32.64,6
H&-0308,Essential Outerwea,Outerwear,S,475,48.03,13
H&-0309,Essential Top,Tops,S,309,11.38,3
H&-0310,Essential Dresse,Dresses,XL,416,40.68,9
H&-0311,Basic Bottom,Bottoms,M,248,44.25,12
H&-0312,Basic Top,Tops,M,143,48.03,7
H&-0313,Basic Bottom,Bottoms,XL,74,27.35,12
H&-0314,Classic Outerwea,Outerwear,S,295,40.24,8
H&-0315,Trendy Shoe,Shoes,S,387,44.01,12
H&-0316,Classic Accessorie,Accessories,S,301,11,12
H&-0317,Basic Dresse,Dresses,XL,213,33.76,10
H&-0318,Basic Dresse,Dresses,M,184,16.73,2
H&-0319,Classic Outerwea,Outerwear,L,274,31.14,14
H&-0320,Basic Dresse,Dresses,XL,481,23.68,6
H&-0321,Classic Accessorie,Accessories,S,500,41.75,5
H&-0322,Trendy Dresse,Dresses,XL,202,33.36,4
H&-0323,Classic Dresse,Dresses,XL,76,10.71,14
H&-0324,Basic Accessorie,Accessories,M,210,39.41,3
H&-0325,Classic Top,Tops,L,155,18.6,11
H&-0326,Trendy Shoe,Shoes,S,102,32.65,3
H&-0327,Basic Dresse,Dresses,M,53,48.97,5
H&-0328,Basic Accessorie,Accessories,M,446,10.45,1
H&-0329,Essential Shoe,Shoes,XL,430,14.51,3
H&-0330,Essential Shoe,Shoes,L,275,43.88,1
H&-0331,Essential Shoe,Shoes,L,87,18.05,10
H&-0332,Essential Dresse,Dresses,XL,403,40.33,9
H&-0333,Classic Bottom,Bottoms,S,342,10.57,5
H&-0334,Trendy Dresse,Dresses,XL,425,20.87,2
H&-0335,Trendy Shoe,Shoes,L,71,20.19,8
H&-0336,Essential Top,Tops,S,184,36.06,13
H&-0337,Classic Bottom,Bottoms,L,176,11.25,5
H&-0338,Trendy Shoe,Shoes,M,151,35.56,1
H&-0339,Essential Bottom,Bottoms,XS,69,37.81,14
H&-0340,Basic Bottom,Bottoms,S,95,13.88,3
H&-0341,Classic Accessorie,Accessories,L,76,29.94,1
H&-0342,Essential Shoe,Shoes,M,265,33.63,7
H&-0343,Classic Dresse,Dresses,XL,51,21.61,14
H&-0344,Trendy Outerwea,Outerwear,XS,357,39.77,15
H&-0345,Trendy Outerwea,Outerwear,L,402,9.61,11
H&-0346,Basic Dresse,Dresses,XL,375,45.71,12
H&-0347,Essential Shoe,Shoes,M,176,25.61,7
H&-0348,Basic Top,Tops,XS,251,16.64,2
H&-0349,Trendy Bottom,Bottoms,M,320,40.53,3
H&-0350,Basic Bottom,Bottoms,XS,26,36.55,7
H&-0351,Essential Dresse,Dresses,L,205,8.44,3
H&-0352,Classic Shoe,Shoes,XS,455,41.49,15
H&-0353,Basic Shoe,Shoes,S,487,25.79,13
H&-0354,Essential Top,Tops,S,3,28.08,10
H&-0355,Basic Outerwea,Outerwear,M,274,46.32,4
H&-0356,Classic Accessorie,Accessories,XL,447,25.3,8
H&-0357,Trendy Top,Tops,XL,108,30.96,2
H&-0358,Trendy Dresse,Dresses,S,361,5.21,8
H&-0359,Basic Dresse,Dresses,XL,136,16.03,10
H&-0360,Essential Shoe,Shoes,L,429,29.51,5
H&-0361,Classic Accessorie,Accessories,M,301,41.67,12
H&-0362,Classic Dresse,Dresses,XL,139,44.83,6
H&-0363,Classic Accessorie,Accessories,XL,368,36.49,12
H&-0364,Essential Dresse,Dresses,S,123,10.88,4
H&-0365,Essential Bottom,Bottoms,XS,481,49.91,3
H&-0366,Basic Top,Tops,M,81,27.96,11
H&-0367,Basic Shoe,Shoes,XS,236,43.78,7
H&-0368,Trendy Top,Tops,S,325,32.76,14
H&-0369,Classic Dresse,Dresses,L,136,27.43,13
H&-0370,Essential Outerwea,Outerwear,XL,18,35.65,7
H&-0371,Essential Top,Tops,L,280,46.28,11
H&-0372,Essential Accessorie,Accessories,M,232,7.9,12
H&-0373,Essential Outerwea,Outerwear,M,323,38.48,2
H&-0374,Essential Shoe,Shoes,XL,423,44.9,8
H&-0375,Basic Accessorie,Accessories,M,68,27.28,13
H&-0376,Trendy Dresse,Dresses,XL,354,8.32,5
H&-0377,Essential Outerwea,Outerwear,S,413,7.57,8
H&-0378,Classic Shoe,Shoes,M,494,19.42,6
H&-0379,Classic Bottom,Bottoms,XS,364,37.39,2
H&-0380,Classic Outerwea,Outerwear,S,483,43.88,12
H&-0381,Basic Dresse,Dresses,XS,114,44.6,13
H&-0382,Classic Top,Tops,XS,66,16.07,5
H&-0383,Essential Dresse,Dresses,S,258,48.11,1
H&-0384,Trendy Top,Tops,M,120,14.95,13
H&-0385,Classic Shoe,Shoes,L,461,9.49,12
H&-0386,Essential Bottom,Bottoms,XL,206,48.63,2
H&-0387,Classic Accessorie,Accessories,M,314,42.93,10
H&-0388,Trendy Bottom,Bottoms,M,367,35.43,8
H&-0389,Trendy Bottom,Bottoms,XL,110,40.27,7
H&-0390,Trendy Dresse,Dresses,M,469,48.41,1
H&-0391,Essential Outerwea,Outerwear,XL,227,20.65,7
H&-0392,Trendy Dresse,Dresses,M,83,37.74,11
H&-0393,Trendy Shoe,Shoes,L,81,40.15,15
H&-0394,Trendy Top,Tops,XS,70,16.22,9
H&-0395,Classic Accessorie,Accessories,S,82,25.21,12
H&-0396,Trendy Dresse,Dresses,S,387,48.78,5
H&-0397,Classic Accessorie,Accessories,XS,192,29.77,7
H&-0398,Trendy Outerwea,Outerwear,S,337,32.79,13
H&-0399,Trendy Top,Tops,XS,34,17.17,6
H&-0400,Trendy Bottom,Bottoms,L,462,43.23,4
H&-0401,Essential Bottom,Bottoms,XL,237,44.32,3
H&-0402,Basic Bottom,Bottoms,S,81,12.08,4
H&-0403,Classic Top,Tops,XL,142,23.6,4
H&-0404,Classic Accessorie,Accessories,L,190,28.74,12
H&-0405,Basic Top,Tops,L,191,26.83,2
H&-0406,Trendy Accessorie,Accessories,L,71,24.45,6
H&-0407,Essential Dresse,Dresses,XL,98,20.33,2
H&-0408,Basic Top,Tops,XS,32,24.99,11
H&-0409,Trendy Outerwea,Outerwear,S,147,32.36,8
H&-0410,Basic Dresse,Dresses,XS,449,43.8,7
H&-0411,Trendy Accessorie,Accessories,XL,444,22.72,7
H&-0412,Trendy Top,Tops,L,396,35.17,12
H&-0413,Essential Dresse,Dresses,M,472,15.85,2
H&-0414,Trendy Dresse,Dresses,L,107,20.9,14
H&-0415,Essential Shoe,Shoes,XS,13,23.33,1
H&-0416,Trendy Shoe,Shoes,XS,247,13.01,12
H&-0417,Trendy Accessorie,Accessories,S,158,32.49,5
H&-0418,Classic Bottom,Bottoms,M,351,43.27,11
H&-0419,Trendy Top,Tops,L,298,38.18,14
H&-0420,Essential Top,Tops,L,72,15.7,11
H&-0421,Classic Bottom,Bottoms,XS,204,41.96,8
H&-0422,Basic Outerwea,Outerwear,S,210,21.13,10
H&-0423,Classic Shoe,Shoes,XL,259,11.03,11
H&-0424,Basic Outerwea,Outerwear,L,436,44.78,13
H&-0425,Essential Shoe,Shoes,XL,15,9.73,15
H&-0426,Trendy Outerwea,Outerwear,XS,141,15.43,2
H&-0427,Basic Shoe,Shoes,S,318,8.93,9
H&-0428,Basic Accessorie,Accessories,S,192,6.97,9
H&-0429,Classic Top,Tops,S,367,13.43,15
H&-0430,Classic Bottom,Bottoms,XL,172,27.63,10
H&-0431,Essential Dresse,Dresses,S,28,20.28,12
H&-0432,Classic Dresse,Dresses,XS,367,41.06,10
H&-0433,Trendy Top,Tops,S,474,17.21,2
H&-0434,Classic Outerwea,Outerwear,M,88,46.71,8
H&-0435,Essential Top,Tops,S,486,21.37,14
H&-0436,Trendy Bottom,Bottoms,M,75,12.67,5
H&-0437,Basic Bottom,Bottoms,XS,378,26.28,6
H&-0438,Basic Top,Tops,L,35,22.22,6
H&-0439,Trendy Outerwea,Outerwear,XL,266,28.38,1
H&-0440,Trendy Shoe,Shoes,M,270,28.44,13
H&-0441,Essential Dresse,Dresses,M,106,10.08,9
H&-0442,Essential Shoe,Shoes,L,452,6.84,9
H&-0443,Essential Accessorie,Accessories,S,120,32.81,15
H&-0444,Essential Bottom,Bottoms,M,467,5.03,6
H&-0445,Essential Outerwea,Outerwear,XL,217,36.04,14
H&-0446,Trendy Bottom,Bottoms,M,129,36.02,7
H&-0447,Trendy Bottom,Bottoms,XS,268,46.82,11
H&-0448,Essential Outerwea,Outerwear,XS,342,34.87,2
H&-0449,Essential Shoe,Shoes,M,84,14.23,14
H&-0450,Classic Outerwea,Outerwear,L,382,16.86,10
H&-0451,Basic Shoe,Shoes,M,285,37.65,8
H&-0452,Essential Accessorie,Accessories,L,187,48.78,11
H&-0453,Basic Shoe,Shoes,L,441,18.04,9
H&-0454,Classic Dresse,Dresses,M,490,27.63,6
H&-0455,Essential Outerwea,Outerwear,L,387,43.39,10
H&-0456,Basic Accessorie,Accessories,XS,391,12.09,2
H&-0457,Essential Shoe,Shoes,XS,96,22.94,12
H&-0458,Basic Bottom,Bottoms,L,173,41.24,11
H&-0459,Classic Bottom,Bottoms,S,101,49.65,10
H&-0460,Essential Accessorie,Accessories,XL,31,37.33,6
H&-0461,Trendy Accessorie,Accessories,S,239,41.28,5
H&-0462,Trendy Bottom,Bottoms,XS,200,6.89,14
H&-0463,Basic Bottom,Bottoms,XL,402,38.99,8
H&-0464,Basic Accessorie,Accessories,M,57,38.83,12
H&-0465,Classic Bottom,Bottoms,S,375,13.03,11
H&-0466,Trendy Shoe,Shoes,S,298,40.5,15
H&-0467,Basic Top,Tops,S,122,43.29,8
H&-0468,Basic Accessorie,Accessories,S,107,7.58,6
H&-0469,Basic Bottom,Bottoms,XL,116,40.42,13
H&-0470,Classic Top,Tops,L,100,13.85,4
H&-0471,Trendy Bottom,Bottoms,XS,236,34.58,11
H&-0472,Basic Bottom,Bottoms,M,272,23.9,14
H&-0473,Classic Dresse,Dresses,M,239,9.48,14
H&-0474,Basic Dresse,Dresses,L,43,37.81,10
H&-0475,Essential Dresse,Dresses,L,35,47.98,6
H&-0476,Basic Top,Tops,XS,78,16.37,2
H&-0477,Basic Dresse,Dresses,XS,300,38.14,6
H&-0478,Trendy Bottom,Bottoms,L,247,48.47,8
H&-0479,Trendy Shoe,Shoes,XL,231,19.26,10
H&-0480,Basic Outerwea,Outerwear,M,333,25.82,12
H&-0481,Classic Top,Tops,M,425,48.22,9
H&-0482,Basic Dresse,Dresses,S,347,20.28,15
H&-0483,Trendy Top,Tops,XL,310,16.25,12
H&-0484,Essential Outerwea,Outerwear,M,15,49.67,12
H&-0485,Trendy Top,Tops,L,480,6.16,14
H&-0486,Essential Top,Tops,M,217,9.12,4
H&-0487,Essential Dresse,Dresses,XL,381,33.67,7
H&-0488,Basic Outerwea,Outerwear,L,112,29.42,3
H&-0489,Essential Top,Tops,XL,57,6.47,11
H&-0490,Essential Dresse,Dresses,S,147,40.88,15
H&-0491,Essential Top,Tops,XL,185,32.56,1
H&-0492,Basic Bottom,Bottoms,L,389,25.8,15
H&-0493,Essential Shoe,Shoes,XL,297,19.32,6
H&-0494,Essential Top,Tops,XL,262,22.06,5
H&-0495,Essential Top,Tops,XL,192,14.36,10
H&-0496,Trendy Top,Tops,S,94,36.57,5
H&-0497,Trendy Dresse,Dresses,L,176,12.97,14
H&-0498,Essential Top,Tops,L,145,23.74,7
H&-0499,Trendy Top,Tops,XL,263,6.12,15
H&-0500,Classic Bottom,Bottoms,S,404,42.33,12
H&-0501,Classic Top,Tops,L,227,15.43,2
H&-0502,Classic Accessorie,Accessories,S,312,20.31,1
H&-0503,Basic Outerwea,Outerwear,XL,160,17.9,7
H&-0504,Basic Bottom,Bottoms,XS,334,10.97,9
H&-0505,Trendy Accessorie,Accessories,M,121,13.58,3
H&-0506,Trendy Dresse,Dresses,L,260,28.33,8
H&-0507,Essential Top,Tops,XL,301,44.79,6
H&-0508,Basic Top,Tops,XL,292,13.53,14
H&-0509,Trendy Accessorie,Accessories,XL,241,22.44,12
H&-0510,Trendy Top,Tops,M,485,9.41,14
H&-0511,Trendy Bottom,Bottoms,M,315,5.61,1
H&-0512,Essential Bottom,Bottoms,S,442,6.36,9
H&-0513,Basic Accessorie,Accessories,L,449,45.7,14
H&-0514,Trendy Top,Tops,XL,236,7.88,7
H&-0515,Basic Outerwea,Outerwear,XS,142,23.33,10
H&-0516,Essential Outerwea,Outerwear,L,286,37.08,4
H&-0517,Basic Outerwea,Outerwear,XL,414,29.4,7
H&-0518,Basic Accessorie,Accessories,XS,324,31.18,13
H&-0519,Classic Shoe,Shoes,M,440,25.92,4
H&-0520,Basic Shoe,Shoes,S,94,27.35,11
H&-0521,Essential Bottom,Bottoms,XS,464,36.46,8
H&-0522,Essential Bottom,Bottoms,L,476,27.28,12
H&-0523,Essential Outerwea,Outerwear,M,369,29.13,2
H&-0524,Trendy Shoe,Shoes,M,480,25.85,1
H&-0525,Essential Accessorie,Accessories,S,251,47.22,15
H&-0526,Classic Accessorie,Accessories,L,410,49.73,13
H&-0527,Essential Bottom,Bottoms,M,496,35.4,11
H&-0528,Essential Accessorie,Accessories,M,464,11.51,6
H&-0529,Basic Accessorie,Accessories,XS,321,27.4,4
H&-0530,Trendy Outerwea,Outerwear,XS,47,15.63,10
H&-0531,Trendy Top,Tops,XL,281,25.87,2
H&-0532,Essential Shoe,Shoes,XL,412,43.74,11
H&-0533,Essential Shoe,Shoes,XS,171,10.09,12
H&-0534,Trendy Dresse,Dresses,M,254,15.62,2
H&-0535,Basic Outerwea,Outerwear,XS,117,32.21,12
H&-0536,Basic Outerwea,Outerwear,L,300,16.52,11
H&-0537,Essential Bottom,Bottoms,M,286,21.55,5
H&-0538,Essential Accessorie,Accessories,L,363,36.12,7
H&-0539,Basic Top,Tops,L,440,27.21,13
H&-0540,Basic Shoe,Shoes,XS,438,40.67,15
H&-0541,Basic Shoe,Shoes,M,46,14.73,13
H&-0542,Classic Accessorie,Accessories,L,192,6,10
H&-0543,Basic Shoe,Shoes,XL,301,19.25,3
H&-0544,Essential Shoe,Shoes,XL,12,33.92,11
H&-0545,Basic Bottom,Bottoms,S,105,26.62,10
H&-0546,Basic Bottom,Bottoms,M,497,43.66,12
H&-0547,Basic Top,Tops,M,105,27.43,3
H&-0548,Trendy Bottom,Bottoms,M,117,20.36,13
H&-0549,Essential Bottom,Bottoms,XS,294,12.63,2
H&-0550,Essential Accessorie,Accessories,S,99,30.1,8
H&-0551,Essential Accessorie,Accessories,XL,81,46.07,12
H&-0552,Trendy Shoe,Shoes,M,211,22.89,5
H&-0553,Basic Top,Tops,XS,445,19.53,4
H&-0554,Trendy Top,Tops,XL,143,11.44,8
H&-0555,Classic Bottom,Bottoms,S,381,25.92,12
H&-0556,Classic Dresse,Dresses,L,269,20.79,7
H&-0557,Classic Dresse,Dresses,XS,100,49.09,14
H&-0558,Classic Top,Tops,L,187,46.39,10
H&-0559,Trendy Dresse,Dresses,XS,317,20.53,1
H&-0560,Classic Top,Tops,M,1,12.58,6
H&-0561,Essential Shoe,Shoes,L,162,39.91,9
H&-0562,Classic Bottom,Bottoms,M,50,10.86,13
H&-0563,Basic Bottom,Bottoms,XS,487,44.94,2
H&-0564,Classic Shoe,Shoes,XS,221,19.3,10
H&-0565,Essential Dresse,Dresses,S,29,14.37,13
H&-0566,Classic Accessorie,Accessories,L,111,26.93,8
H&-0567,Essential Shoe,Shoes,XS,362,29.4,8
H&-0568,Basic Shoe,Shoes,XL,56,44.52,1
H&-0569,Trendy Outerwea,Outerwear,M,191,19.75,3
H&-0570,Essential Outerwea,Outerwear,XS,325,47.09,12
H&-0571,Basic Outerwea,Outerwear,XL,264,28.55,13
H&-0572,Trendy Outerwea,Outerwear,S,172,47.62,9
H&-0573,Essential Shoe,Shoes,S,421,6.94,11
H&-0574,Essential Dresse,Dresses,S,19,39.48,8
H&-0575,Essential Outerwea,Outerwear,XS,183,46.16,7
H&-0576,Basic Accessorie,Accessories,XL,274,12.15,10
H&-0577,Essential Top,Tops,S,334,21.99,13
H&-0578,Basic Outerwea,Outerwear,XL,100,16.57,9
H&-0579,Basic Outerwea,Outerwear,M,365,27.91,3
H&-0580,Trendy Top,Tops,L,300,43.15,2
H&-0581,Essential Shoe,Shoes,XL,408,24.3,1
H&-0582,Trendy Dresse,Dresses,L,38,16.1,7
H&-0583,Basic Dresse,Dresses,M,390,21.44,1
H&-0584,Trendy Accessorie,Accessories,M,7,16.88,3
H&-0585,Classic Dresse,Dresses,XS,293,20.12,14
H&-0586,Trendy Dresse,Dresses,XL,115,39.93,7
H&-0587,Trendy Outerwea,Outerwear,L,33,37.15,11
H&-0588,Basic Top,Tops,XS,165,36.84,7
H&-0589,Trendy Dresse,Dresses,XS,498,42.38,1
H&-0590,Trendy Bottom,Bottoms,XL,14,28.7,1
H&-0591,Basic Bottom,Bottoms,S,176,17.7,12
H&-0592,Basic Bottom,Bottoms,L,430,48.85,6
H&-0593,Classic Outerwea,Outerwear,XL,351,22.18,13
H&-0594,Classic Top,Tops,M,348,12.7,4
H&-0595,Classic Shoe,Shoes,S,212,33.07,1
H&-0596,Essential Accessorie,Accessories,S,294,11.17,3
H&-0597,Trendy Top,Tops,S,205,38.27,2
H&-0598,Classic Dresse,Dresses,M,291,32.66,2
H&-0599,Classic Bottom,Bottoms,L,13,28.66,4
H&-0600,Basic Outerwea,Outerwear,S,308,8.06,4
H&-0601,Basic Accessorie,Accessories,M,60,14.84,5
H&-0602,Essential Top,Tops,XS,24,29.94,7
H&-0603,Trendy Bottom,Bottoms,S,19,6.65,10
H&-0604,Classic Dresse,Dresses,M,118,6.41,9
H&-0605,Trendy Shoe,Shoes,XL,499,25.12,13
H&-0606,Basic Dresse,Dresses,XL,472,18.57,7
H&-0607,Basic Dresse,Dresses,XL,169,21.38,11
H&-0608,Classic Top,Tops,S,281,19.37,8
H&-0609,Basic Accessorie,Accessories,XS,353,9.2,9
H&-0610,Trendy Outerwea,Outerwear,L,406,26.42,2
H&-0611,Classic Top,Tops,M,135,37.66,10
H&-0612,Trendy Top,Tops,S,313,44.23,14
H&-0613,Classic Shoe,Shoes,XL,272,49.79,6
H&-0614,Essential Shoe,Shoes,L,173,18.78,11
H&-0615,Trendy Outerwea,Outerwear,XL,194,17.75,13
H&-0616,Classic Accessorie,Accessories,M,101,15.36,11
H&-0617,Trendy Outerwea,Outerwear,L,498,21.77,8
H&-0618,Essential Shoe,Shoes,L,471,35.24,11
H&-0619,Basic Top,Tops,XL,236,5.29,12
H&-0620,Classic Accessorie,Accessories,M,229,28.61,7
H&-0621,Basic Accessorie,Accessories,XL,51,13.73,1
H&-0622,Trendy Accessorie,Accessories,XL,434,40,14
H&-0623,Trendy Bottom,Bottoms,XS,396,40.57,5
H&-0624,Essential Shoe,Shoes,XS,274,26.59,13
H&-0625,Essential Accessorie,Accessories,L,251,32.68,4
H&-0626,Trendy Top,Tops,XL,123,38.37,13
H&-0627,Trendy Outerwea,Outerwear,M,348,28.06,3
H&-0628,Basic Top,Tops,L,436,36.96,2
H&-0629,Trendy Top,Tops,L,192,24.5,1
H&-0630,Classic Top,Tops,XS,312,11.8,1
H&-0631,Trendy Outerwea,Outerwear,S,327,5.18,2
H&-0632,Basic Dresse,Dresses,S,299,40.15,9
H&-0633,Trendy Shoe,Shoes,M,159,31.57,15
H&-0634,Essential Bottom,Bottoms,XL,35,16.08,1
H&-0635,Trendy Dresse,Dresses,XS,154,39.18,14
H&-0636,Trendy Accessorie,Accessories,XS,252,29.43,13
H&-0637,Trendy Bottom,Bottoms,S,135,21.86,1
H&-0638,Classic Dresse,Dresses,XS,328,28.17,9
H&-0639,Basic Top,Tops,L,449,27.56,10
H&-0640,Basic Dresse,Dresses,L,430,20.1,3
H&-0641,Classic Top,Tops,S,195,31.68,13
H&-0642,Basic Bottom,Bottoms,XL,223,24.25,15
H&-0643,Essential Top,Tops,XL,323,14.93,13
H&-0644,Basic Dresse,Dresses,XL,290,47.17,12
H&-0645,Classic Dresse,Dresses,XL,413,9.47,2
H&-0646,Trendy Bottom,Bottoms,S,201,30.6,6
H&-0647,Essential Shoe,Shoes,XL,232,29.5,4
H&-0648,Essential Dresse,Dresses,XS,219,32.03,2
H&-0649,Classic Shoe,Shoes,S,68,48.1,13
H&-0650,Trendy Shoe,Shoes,M,325,21.2,9
H&-0651,Classic Shoe,Shoes,XS,480,30.01,9
H&-0652,Basic Bottom,Bottoms,XS,350,25.58,7
H&-0653,Trendy Accessorie,Accessories,S,170,16.63,7
H&-0654,Trendy Bottom,Bottoms,XS,432,22.05,3
H&-0655,Essential Accessorie,Accessories,S,49,26.81,8
H&-0656,Essential Accessorie,Accessories,L,440,44.44,13
H&-0657,Basic Outerwea,Outerwear,M,53,25.83,1
H&-0658,Basic Shoe,Shoes,S,77,5.94,14
H&-0659,Basic Outerwea,Outerwear,XS,248,31.57,15
H&-0660,Essential Outerwea,Outerwear,XL,67,19.88,15
H&-0661,Basic Bottom,Bottoms,XL,203,41.68,8
H&-0662,Classic Outerwea,Outerwear,XL,484,16.31,1
H&-0663,Classic Bottom,Bottoms,S,227,30.31,6
H&-0664,Trendy Top,Tops,M,412,22.49,15
H&-0665,Essential Top,Tops,S,14,44.45,5
H&-0666,Basic Dresse,Dresses,M,335,24.34,4
H&-0667,Basic Bottom,Bottoms,L,37,7.97,15
H&-0668,Essential Bottom,Bottoms,L,29,45.05,1
H&-0669,Basic Accessorie,Accessories,L,67,39.05,10
H&-0670,Trendy Top,Tops,M,325,46.28,3
H&-0671,Trendy Accessorie,Accessories,S,157,43.28,12
H&-0672,Basic Top,Tops,M,480,39.68,3
H&-0673,Trendy Bottom,Bottoms,S,157,19.36,6
H&-0674,Essential Bottom,Bottoms,XL,470,48.83,15
H&-0675,Essential Dresse,Dresses,M,266,9.03,4
H&-0676,Trendy Bottom,Bottoms,XS,229,43.04,3
H&-0677,Basic Bottom,Bottoms,S,57,17.99,8
H&-0678,Essential Dresse,Dresses,S,19,12.31,8
H&-0679,Essential Bottom,Bottoms,XL,151,42.02,10
H&-0680,Classic Bottom,Bottoms,M,428,17.1,6
H&-0681,Trendy Shoe,Shoes,S,445,41.12,15
H&-0682,Trendy Top,Tops,M,469,36.51,14
H&-0683,Classic Outerwea,Outerwear,S,324,20.9,7
H&-0684,Classic Accessorie,Accessories,S,235,32.13,10
H&-0685,Essential Accessorie,Accessories,XL,287,19.16,15
H&-0686,Trendy Accessorie,Accessories,XL,85,24.24,5
H&-0687,Trendy Shoe,Shoes,XS,340,37.48,1
H&-0688,Basic Top,Tops,M,414,42.58,15
H&-0689,Basic Dresse,Dresses,M,186,7.52,1
H&-0690,Basic Shoe,Shoes,XL,165,44.49,5
H&-0691,Trendy Accessorie,Accessories,L,348,39.09,10
H&-0692,Classic Top,Tops,S,339,44.34,12
H&-0693,Basic Dresse,Dresses,M,348,6.36,1
H&-0694,Essential Outerwea,Outerwear,XS,34,30.57,3
H&-0695,Essential Top,Tops,L,64,5.7,5
H&-0696,Basic Dresse,Dresses,L,83,29.79,8
H&-0697,Basic Shoe,Shoes,XL,49,20.39,5
H&-0698,Classic Outerwea,Outerwear,XL,253,20.01,7
H&-0699,Essential Shoe,Shoes,XS,299,18.23,10
H&-0700,Essential Shoe,Shoes,XL,276,26.68,3
H&-0701,Basic Top,Tops,XL,418,30.99,1
H&-0702,Basic Bottom,Bottoms,S,269,36.59,13
H&-0703,Trendy Accessorie,Accessories,XS,137,19.75,10
H&-0704,Basic Accessorie,Accessories,XS,343,33.78,15
H&-0705,Essential Dresse,Dresses,M,389,12.26,13
H&-0706,Classic Shoe,Shoes,S,373,11.86,4
H&-0707,Trendy Shoe,Shoes,L,188,18.39,15
H&-0708,Basic Top,Tops,S,318,34.9,11
H&-0709,Essential Dresse,Dresses,XL,379,31.24,7
H&-0710,Trendy Bottom,Bottoms,L,60,6,11
H&-0711,Trendy Dresse,Dresses,XL,482,39.17,3
H&-0712,Essential Accessorie,Accessories,XS,228,28.64,4
H&-0713,Classic Accessorie,Accessories,S,313,12.05,5
H&-0714,Trendy Shoe,Shoes,M,411,19.55,11
H&-0715,Classic Shoe,Shoes,S,66,27.51,3
H&-0716,Trendy Accessorie,Accessories,XL,430,19.8,15
H&-0717,Basic Dresse,Dresses,M,213,8.12,8
H&-0718,Basic Accessorie,Accessories,M,90,34.94,7
H&-0719,Classic Bottom,Bottoms,S,225,8.35,2
H&-0720,Basic Dresse,Dresses,L,232,10.26,3
H&-0721,Trendy Outerwea,Outerwear,S,161,22.9,15
H&-0722,Classic Outerwea,Outerwear,XS,427,14.25,11
H&-0723,Essential Outerwea,Outerwear,L,479,49.67,5
H&-0724,Classic Outerwea,Outerwear,S,251,41.93,9
H&-0725,Classic Bottom,Bottoms,L,318,14.38,8
H&-0726,Trendy Accessorie,Accessories,XL,193,20.36,4
H&-0727,Essential Outerwea,Outerwear,S,421,13.54,12
H&-0728,Essential Accessorie,Accessories,S,24,45.08,12
H&-0729,Basic Accessorie,Accessories,L,363,20.31,14
H&-0730,Trendy Shoe,Shoes,M,292,27.6,13
H&-0731,Classic Bottom,Bottoms,L,62,30.15,8
H&-0732,Essential Outerwea,Outerwear,XL,17,7.43,4
H&-0733,Basic Outerwea,Outerwear,M,266,36.88,3
H&-0734,Basic Bottom,Bottoms,XL,207,7.68,9
H&-0735,Classic Accessorie,Accessories,L,112,34.44,9
H&-0736,Trendy Bottom,Bottoms,M,322,37.96,6
H&-0737,Classic Shoe,Shoes,S,121,27.17,1
H&-0738,Classic Accessorie,Accessories,L,481,9.78,13
H&-0739,Classic Outerwea,Outerwear,M,240,13.15,6
H&-0740,Basic Accessorie,Accessories,L,63,13.35,4
H&-0741,Classic Top,Tops,L,139,19.49,5
H&-0742,Classic Bottom,Bottoms,XS,384,23.98,8
H&-0743,Trendy Outerwea,Outerwear,M,425,37.32,9
H&-0744,Basic Dresse,Dresses,XL,21,38.35,13
H&-0745,Classic Shoe,Shoes,S,290,48.93,1
H&-0746,Trendy Shoe,Shoes,XS,118,26.22,9
H&-0747,Basic Accessorie,Accessories,XS,333,46.18,9
H&-0748,Basic Dresse,Dresses,XS,118,12.78,7
H&-0749,Trendy Accessorie,Accessories,M,401,41.88,8
H&-0750,Basic Top,Tops,M,195,32.8,12
H&-0751,Basic Accessorie,Accessories,XS,335,10.94,10
H&-0752,Essential Outerwea,Outerwear,XS,186,25.98,6
H&-0753,Basic Bottom,Bottoms,L,295,33.63,8
H&-0754,Essential Bottom,Bottoms,M,187,31.65,14
H&-0755,Basic Top,Tops,M,49,10.19,14
H&-0756,Essential Top,Tops,L,251,42.61,7
H&-0757,Classic Shoe,Shoes,S,183,20.59,15
H&-0758,Basic Outerwea,Outerwear,L,54,47.42,12
H&-0759,Essential Bottom,Bottoms,XL,325,38.37,2
H&-0760,Classic Dresse,Dresses,S,149,8.98,12
H&-0761,Classic Dresse,Dresses,S,414,46.81,5
H&-0762,Classic Bottom,Bottoms,M,207,40.73,7
H&-0763,Essential Bottom,Bottoms,M,5,49.79,12
H&-0764,Classic Top,Tops,S,225,46.73,8
H&-0765,Trendy Shoe,Shoes,XL,90,21.09,8
H&-0766,Trendy Dresse,Dresses,XL,435,18.06,1
H&-0767,Basic Top,Tops,XS,119,19.9,9
H&-0768,Essential Outerwea,Outerwear,XL,397,26.23,10
H&-0769,Essential Bottom,Bottoms,S,203,49.72,3
H&-0770,Classic Shoe,Shoes,S,172,12.4,4
H&-0771,Classic Bottom,Bottoms,M,251,11.06,3
H&-0772,Trendy Outerwea,Outerwear,S,434,48.09,10
H&-0773,Classic Accessorie,Accessories,L,183,23.77,11
H&-0774,Classic Bottom,Bottoms,S,290,40.05,3
H&-0775,Basic Dresse,Dresses,S,151,49.05,13
H&-0776,Basic Top,Tops,M,78,43.63,1
H&-0777,Classic Dresse,Dresses,L,329,39.69,4
H&-0778,Essential Bottom,Bottoms,S,429,36.48,11
H&-0779,Essential Outerwea,Outerwear,XS,217,48.65,13
H&-0780,Classic Shoe,Shoes,XL,327,13.39,5
H&-0781,Classic Outerwea,Outerwear,S,91,39.81,11
H&-0782,Essential Dresse,Dresses,S,311,28.26,9
H&-0783,Classic Bottom,Bottoms,M,347,26.11,1
H&-0784,Trendy Accessorie,Accessories,S,177,10.25,11
H&-0785,Trendy Shoe,Shoes,XL,342,26.58,6
H&-0786,Basic Accessorie,Accessories,XS,54,23.96,5
H&-0787,Essential Accessorie,Accessories,XS,488,32.32,10
H&-0788,Basic Accessorie,Accessories,M,386,35.68,11
H&-0789,Classic Outerwea,Outerwear,XL,393,36.54,8
H&-0790,Basic Top,Tops,M,336,7.78,12
H&-0791,Essential Bottom,Bottoms,S,414,12.61,9
H&-0792,Basic Dresse,Dresses,L,376,24.97,11
H&-0793,Classic Shoe,Shoes,M,206,5.74,4
H&-0794,Essential Dresse,Dresses,M,167,48.76,12
H&-0795,Basic Dresse,Dresses,L,151,7.08,1
H&-0796,Classic Bottom,Bottoms,L,373,23.07,7
H&-0797,Essential Shoe,Shoes,M,266,20.75,15
H&-0798,Essential Accessorie,Accessories,M,261,23.88,6
H&-0799,Trendy Dresse,Dresses,S,274,43.27,10
H&-0800,Essential Outerwea,Outerwear,XS,309,27.23,3
H&-0801,Classic Shoe,Shoes,XL,257,22.81,9
H&-0802,Basic Bottom,Bottoms,S,22,9.99,1
H&-0803,Trendy Accessorie,Accessories,S,138,39.15,10
H&-0804,Essential Accessorie,Accessories,XL,45,29.53,12
H&-0805,Basic Bottom,Bottoms,M,123,43.39,4
H&-0806,Classic Top,Tops,XL,53,38.18,14
H&-0807,Trendy Dresse,Dresses,XS,358,15.93,12
H&-0808,Basic Dresse,Dresses,M,392,42.92,13
H&-0809,Classic Bottom,Bottoms,XS,434,24.54,12
H&-0810,Basic Outerwea,Outerwear,M,428,28.65,5
H&-0811,Trendy Shoe,Shoes,XL,33,30.17,4
H&-0812,Essential Accessorie,Accessories,XL,148,36.78,1
H&-0813,Essential Outerwea,Outerwear,M,291,22.32,4
H&-0814,Classic Accessorie,Accessories,M,173,44.48,4
H&-0815,Essential Dresse,Dresses,L,456,41.05,4
H&-0816,Trendy Top,Tops,L,156,38.27,4
H&-0817,Classic Bottom,Bottoms,XS,306,47.52,5
H&-0818,Essential Top,Tops,M,361,47.59,6
H&-0819,Classic Outerwea,Outerwear,L,366,43.86,12
H&-0820,Classic Shoe,Shoes,M,189,19.47,9
H&-0821,Trendy Outerwea,Outerwear,L,223,41.41,1
H&-0822,Trendy Bottom,Bottoms,L,428,12.51,14
H&-0823,Basic Dresse,Dresses,XS,358,31.47,5
H&-0824,Trendy Accessorie,Accessories,XL,455,6.12,12
H&-0825,Trendy Bottom,Bottoms,XL,201,34.19,10
H&-0826,Basic Dresse,Dresses,XS,387,5.78,5
H&-0827,Classic Dresse,Dresses,L,301,13.73,10
H&-0828,Essential Bottom,Bottoms,M,180,25.15,7
H&-0829,Trendy Accessorie,Accessories,L,340,22.28,6
H&-0830,Essential Outerwea,Outerwear,M,337,32.71,1
H&-0831,Trendy Shoe,Shoes,L,454,38.96,6
H&-0832,Trendy Accessorie,Accessories,S,222,12.08,7
H&-0833,Basic Dresse,Dresses,L,377,9.72,9
H&-0834,Classic Bottom,Bottoms,XS,126,13.49,7
H&-0835,Trendy Accessorie,Accessories,L,48,26.96,6
H&-0836,Basic Dresse,Dresses,XS,115,22.72,10
H&-0837,Essential Bottom,Bottoms,XS,417,15.56,14
H&-0838,Essential Accessorie,Accessories,XL,162,15.08,1
H&-0839,Basic Outerwea,Outerwear,M,22,5.86,8
H&-0840,Essential Outerwea,Outerwear,M,159,38.5,4
H&-0841,Basic Outerwea,Outerwear,L,152,46.92,4
H&-0842,Basic Dresse,Dresses,M,368,23.63,5
H&-0843,Basic Top,Tops,M,79,25.68,7
H&-0844,Basic Shoe,Shoes,S,264,23.37,10
H&-0845,Essential Dresse,Dresses,S,76,39.82,12
H&-0846,Essential Accessorie,Accessories,M,182,38.42,11
H&-0847,Essential Shoe,Shoes,XS,422,10.92,5
H&-0848,Essential Top,Tops,M,442,14.83,5
H&-0849,Basic Top,Tops,S,140,15.37,4
H&-0850,Essential Dresse,Dresses,M,126,24.89,10
H&-0851,Basic Outerwea,Outerwear,S,478,13.36,10
H&-0852,Trendy Shoe,Shoes,S,134,10.63,2
H&-0853,Essential Dresse,Dresses,XS,217,31.49,15
H&-0854,Trendy Accessorie,Accessories,L,148,41.77,3
H&-0855,Classic Bottom,Bottoms,S,134,44.28,9
H&-0856,Classic Accessorie,Accessories,XS,434,27.72,7
H&-0857,Basic Outerwea,Outerwear,L,428,13.69,7
H&-0858,Classic Top,Tops,XS,198,11.38,15
H&-0859,Basic Outerwea,Outerwear,M,231,41.37,1
H&-0860,Classic Accessorie,Accessories,M,99,9.61,12
H&-0861,Basic Shoe,Shoes,XS,171,17.02,4
H&-0862,Basic Top,Tops,XL,281,37.51,12
H&-0863,Essential Top,Tops,L,227,9.54,14
H&-0864,Essential Bottom,Bottoms,XL,250,9.87,15
H&-0865,Classic Outerwea,Outerwear,L,101,19.11,3
H&-0866,Classic Top,Tops,S,71,7.52,7
H&-0867,Basic Dresse,Dresses,M,61,8.27,14
H&-0868,Essential Dresse,Dresses,M,35,30.04,9
H&-0869,Classic Top,Tops,M,82,40.63,3
H&-0870,Basic Bottom,Bottoms,XS,281,25.29,1
H&-0871,Trendy Bottom,Bottoms,S,195,28.73,13
H&-0872,Trendy Accessorie,Accessories,M,66,10.75,2
H&-0873,Classic Outerwea,Outerwear,L,24,10.41,1
H&-0874,Trendy Shoe,Shoes,XL,10,23.55,8
H&-0875,Essential Top,Tops,M,247,28.46,5
H&-0876,Trendy Accessorie,Accessories,L,252,29.29,4
H&-0877,Essential Accessorie,Accessories,M,248,34.65,2
H&-0878,Basic Outerwea,Outerwear,XS,286,23.36,5
H&-0879,Classic Accessorie,Accessories,XL,449,8.22,5
H&-0880,Basic Accessorie,Accessories,S,8,36.1,14
H&-0881,Essential Shoe,Shoes,S,376,24.11,14
H&-0882,Trendy Outerwea,Outerwear,M,386,21.98,14
H&-0883,Basic Shoe,Shoes,M,57,40.28,6
H&-0884,Classic Accessorie,Accessories,XL,397,11.03,9
H&-0885,Essential Accessorie,Accessories,S,147,10.15,7
H&-0886,Basic Top,Tops,XS,65,24.65,14
H&-0887,Trendy Accessorie,Accessories,L,129,44.38,15
H&-0888,Classic Outerwea,Outerwear,XL,212,30.16,2
H&-0889,Essential Outerwea,Outerwear,M,218,37.24,3
H&-0890,Basic Outerwea,Outerwear,S,331,24.76,14
H&-0891,Basic Shoe,Shoes,M,381,41.39,3
H&-0892,Basic Shoe,Shoes,S,407,15.58,7
H&-0893,Classic Dresse,Dresses,S,399,12.28,4
H&-0894,Basic Bottom,Bottoms,L,134,36.19,13
H&-0895,Trendy Top,Tops,XS,110,6.95,7
H&-0896,Classic Bottom,Bottoms,XS,32,23.88,15
H&-0897,Essential Dresse,Dresses,L,83,14.66,6
H&-0898,Trendy Outerwea,Outerwear,M,391,22.31,14
H&-0899,Basic Dresse,Dresses,L,303,42.89,6
H&-0900,Trendy Top,Tops,XL,410,8.47,8
H&-0901,Basic Top,Tops,XL,19,38.88,3
H&-0902,Basic Top,Tops,S,310,49.46,15
H&-0903,Trendy Outerwea,Outerwear,XS,433,49.61,11
H&-0904,Trendy Shoe,Shoes,XS,156,19.43,8
H&-0905,Trendy Bottom,Bottoms,M,347,25.5,8
H&-0906,Trendy Accessorie,Accessories,XL,13,48.8,6
H&-0907,Trendy Dresse,Dresses,M,357,5.46,9
H&-0908,Basic Bottom,Bottoms,XL,15,23.51,4
H&-0909,Essential Outerwea,Outerwear,S,334,15.31,11
H&-0910,Basic Dresse,Dresses,M,107,11.17,5
H&-0911,Classic Accessorie,Accessories,M,478,28.5,12
H&-0912,Essential Accessorie,Accessories,M,227,22.62,10
H&-0913,Classic Dresse,Dresses,XS,214,8.22,3
H&-0914,Essential Bottom,Bottoms,L,2,7.94,12
H&-0915,Classic Bottom,Bottoms,XL,301,33.99,7
H&-0916,Basic Accessorie,Accessories,M,141,16.85,4
H&-0917,Classic Top,Tops,M,90,8.41,2
H&-0918,Essential Top,Tops,S,276,49.12,15
H&-0919,Basic Shoe,Shoes,S,66,34.47,8
H&-0920,Classic Accessorie,Accessories,M,21,19.56,11
H&-0921,Classic Bottom,Bottoms,XS,125,40.46,8
H&-0922,Trendy Bottom,Bottoms,S,445,25.46,12
H&-0923,Essential Bottom,Bottoms,L,99,48.05,4
H&-0924,Trendy Top,Tops,XL,130,41.45,9
H&-0925,Trendy Accessorie,Accessories,XS,314,43.71,4
H&-0926,Classic Accessorie,Accessories,XS,140,10.87,12
H&-0927,Essential Top,Tops,S,454,38.92,8
H&-0928,Essential Dresse,Dresses,M,458,33.45,4
H&-0929,Basic Top,Tops,L,13,27.86,8
H&-0930,Classic Accessorie,Accessories,M,226,39.97,1
H&-0931,Essential Dresse,Dresses,M,169,21.38,15
H&-0932,Basic Bottom,Bottoms,XS,391,7.28,8
H&-0933,Basic Shoe,Shoes,S,206,16.49,13
H&-0934,Basic Outerwea,Outerwear,XS,352,7.43,9
H&-0935,Basic Top,Tops,L,369,15.47,5
H&-0936,Basic Outerwea,Outerwear,L,60,34.13,12
H&-0937,Classic Bottom,Bottoms,XS,364,20.68,12
H&-0938,Essential Shoe,Shoes,XS,333,8.93,4
H&-0939,Classic Top,Tops,XL,130,6.09,14
H&-0940,Essential Dresse,Dresses,M,277,6.44,4
H&-0941,Classic Shoe,Shoes,S,67,44.15,1
H&-0942,Essential Shoe,Shoes,XS,73,28.82,15
H&-0943,Essential Accessorie,Accessories,XS,386,25.18,12
H&-0944,Basic Top,Tops,L,305,21.37,6
H&-0945,Essential Bottom,Bottoms,XL,254,18.95,10
H&-0946,Essential Top,Tops,L,402,31.78,6
H&-0947,Classic Dresse,Dresses,M,96,49.07,6
H&-0948,Essential Bottom,Bottoms,XL,81,24.11,6
H&-0949,Trendy Shoe,Shoes,XS,462,14.52,6
H&-0950,Basic Dresse,Dresses,XS,100,33.12,4
H&-0951,Essential Shoe,Shoes,XL,138,11.98,10
H&-0952,Trendy Dresse,Dresses,XS,499,43.4,2
H&-0953,Trendy Bottom,Bottoms,XL,463,44.1,13
H&-0954,Essential Accessorie,Accessories,XL,469,29.64,9
H&-0955,Essential Outerwea,Outerwear,XS,404,45.75,12
H&-0956,Basic Shoe,Shoes,XL,276,13,8
H&-0957,Basic Accessorie,Accessories,S,12,8.15,6
H&-0958,Basic Top,Tops,XS,244,18.92,4
H&-0959,Classic Shoe,Shoes,XS,351,36.23,11
H&-0960,Trendy Top,Tops,M,339,11.07,1
H&-0961,Classic Bottom,Bottoms,XL,459,5.7,12
H&-0962,Trendy Dresse,Dresses,L,180,43.03,8
H&-0963,Classic Accessorie,Accessories,S,400,25.51,12
H&-0964,Classic Bottom,Bottoms,M,490,22.78,2
H&-0965,Basic Top,Tops,XL,71,30.17,8
H&-0966,Trendy Outerwea,Outerwear,XL,312,8.52,12
H&-0967,Classic Outerwea,Outerwear,S,427,33.03,4
H&-0968,Basic Shoe,Shoes,XL,334,14.06,5
H&-0969,Trendy Shoe,Shoes,L,336,39,10
H&-0970,Classic Shoe,Shoes,M,132,10.9,15
H&-0971,Essential Dresse,Dresses,L,82,48.38,5
H&-0972,Essential Top,Tops,S,448,18.17,14
H&-0973,Essential Outerwea,Outerwear,L,17,20.02,13
H&-0974,Trendy Top,Tops,XS,316,36.76,9
H&-0975,Classic Dresse,Dresses,L,319,24.49,8
H&-0976,Essential Outerwea,Outerwear,M,365,22.32,2
H&-0977,Essential Outerwea,Outerwear,L,239,24.74,8
H&-0978,Basic Outerwea,Outerwear,M,106,49.47,1
H&-0979,Essential Dresse,Dresses,XS,71,31.07,4
H&-0980,Basic Accessorie,Accessories,L,487,30.6,11
H&-0981,Essential Dresse,Dresses,S,254,30.51,2
H&-0982,Basic Top,Tops,L,160,35.3,4
H&-0983,Essential Outerwea,Outerwear,L,150,44.67,2
H&-0984,Classic Shoe,Shoes,L,354,31.98,4
H&-0985,Basic Accessorie,Accessories,L,236,44.28,5
H&-0986,Essential Accessorie,Accessories,S,125,20.08,10
H&-0987,Trendy Top,Tops,S,384,13.44,3
H&-0988,Essential Top,Tops,XL,463,33.35,9
H&-0989,Classic Outerwea,Outerwear,XS,194,38.99,8
H&-0990,Trendy Shoe,Shoes,S,285,25.56,2
H&-0991,Trendy Top,Tops,M,104,42.97,4
H&-0992,Essential Bottom,Bottoms,S,322,47.01,5
H&-0993,Essential Top,Tops,XS,21,44.15,12
H&-0994,Essential Shoe,Shoes,S,488,33.97,14
H&-0995,Essential Shoe,Shoes,M,179,40.17,7
H&-0996,Basic Bottom,Bottoms,L,111,17.75,2
H&-0997,Essential Dresse,Dresses,XL,9,49.18,15
H&-0998,Essential Bottom,Bottoms,XL,139,9.7,5
H&-0999,Basic Outerwea,Outerwear,XS,315,14.29,10
H&-1000,Trendy Top,Tops,L,313,38.87,9
